Company Name,Logo,Jobs Page URL,Company Reviews,Function,Country,State,City,WorkEnvironment,EngineeringPositions,Status
360insights,360insights_logo.jpeg (https://v5.airtableusercontent.com/v3/u/47/47/1763193600000/D0LwIvxc3zk9In_sBMyN4w/Q6NrHZdyf5t5VA5hLIY-s8X3H6Z9zCwXhWh92tqUe0kOyYAE3_qKhnj18yL6tV3_jNpFaQV4nCpJwP3i24e60l8-17bHRgIwn01VfRDEjIM1JBoLR8-I77ETJtR2cgiqKhd7OlY2MB2Z8GhGelG_xrB8SPTAogD_cXrxIvr0fUk/URDqH0Gh9DFqyrbxFOYU1vKy_EV-0rEE4SMj_mZFY18),www.360insights.com/careers,"https://www.glassdoor.com/Overview/Working-at-360insights-EI_IE711754.11,22.htm","Engineering,Product,Customer Success,Support,Data,Sales,Finance",Canada,Ontario,Toronto,"Remote,Hybrid",checked,Active
Abbott,abbott__logo.jpeg (https://v5.airtableusercontent.com/v3/u/47/47/1763193600000/DUe5HCjq2OrcjUk3bGn5yg/N7ItS9xZ_D69zHGCaiIcwKR5OMuPLruFAJZDtUo26sRKFSyX7UiZrDRV8fVNqEMmsN5e2MY0BBzhNn4KhvymuVNLpNSw9r4pL_Dh2pRIDguojJdKE86bO5sncDvuk89qTcpYKwf5lTbgPUgGacl2JA/-S7Te-_motb1CzENTAYJmIdb8BCKds4cUb0Nq-zTolU),https://www.jobs.abbott/us/en/home,"https://www.glassdoor.com/Overview/Working-at-Abbott-EI_IE12.11,17.htm","Engineering,Marketing,Sales,Internship",United States,Illinois,Abbott Park,"On-Site,Remote,Hybrid",checked,Active
AccelerEd,accelered_logo.jpeg (https://v5.airtableusercontent.com/v3/u/47/47/1763193600000/h14tw_m3pQ5eq2UtHGAuUg/5YEWEUh-O8KZLB2UVW3k0u_VNU5x4CQmwkkTGpQxp8vIi7zn11ghIfdD1_If6ueMyf91umGyuQjnTGBAooX7yBzVKQgxaFUojZ27PQIRbdA6SWAtkUEDQHy96SmxtKu8PH13zmrXAvIrrcJ1OywYsg/A-DpaTnyn8SCP9yGdsTlnEOCjz_lK5QHOiBlU-nNGqM),https://www.accelered.com,"https://www.glassdoor.com/Overview/Working-at-AccelerEd-EI_IE1754508.11,20.htm","Customer Success,Engineering,Product,Data",United States,Maryland,Bethesda,Hybrid,,Active
AE.Studio,agency_enterprise_studio_logo.jpeg (https://v5.airtableusercontent.com/v3/u/47/47/1763193600000/E5Fnu9JiytPuSvfQ2xLlog/FuEuRa2OUpcXvrEuguVeCw7jzEUfGXBYE62mgZU3qVinbdS6PK2HhC5tfdxb9BIOKwODIfkxIpVp43U7jWnog6tDnVyFxTbAobLBCPFkt2FdsS23HKfPt5UsHmpUT_pOhyxhZ_S9njxcR1MKpkLUjQ0ryMpFU1cY848PlhcOgkQ/r7wZjhw6FgHS9C_4TC962ForC_ChMC1donHQ8tKPS68),https://ae.studio/join-us,"https://www.glassdoor.com/Overview/Working-at-Agency-Enterprise-Studio-EI_IE2079770.11,35.htm","Engineering,Product,Design,Marketing,Data",United States,California,Los Angeles,"On-Site,Remote,Hybrid",checked,Active
AeroLab,aerolab_digital_logo.jpeg (https://v5.airtableusercontent.com/v3/u/47/47/1763193600000/cdEMHVkE6tmkq2VteqC_SA/4W0dvH2KSvWVesqRpPJ42O7jVpGXmzyZKxn11zr5itTNQunqUciUoO52PktwxlsfIenx4E9ujTLIXMsMJwi-wnKwdl9rAOxPsRmQVi3Fqg03xr9JtzhZ0yZasPZWygjwmwWjhsr8QlGiYZ2u2jCV30OFKgHHhmiR7mDmPD9hYKQ/hF8Lhxu0hpJd28YKJFDywaVvcg1Ojzielx5A9sGHJeI),https://aerolab.co/careers,"https://www.glassdoor.com/Overview/Working-at-Aerolab-EI_IE2705227.11,18.htm","Sales,Product,Engineering,Design",Argentina,,Buenos Aires,Remote,checked,Active
Agora,agora_lab_inc_logo.jpeg (https://v5.airtableusercontent.com/v3/u/47/47/1763193600000/YGYewg5IVjjKiHM6cxO7HA/M8XZqQ7f2K1glJaJ88y4Ltt9xij46dm6pEvFTBd_wctbs9p7xRHk_mW2QtgN7HFUhM5ba95oFzIqMErTh3JlBJ-n_F-ycHn6KumZen-VUOxA8CwhMDB9z56XoolJy5lR6n_b3NvUexEnJIMMhKmiA6Sp5I2R2edKsStNIvQTeTc/lOISH7zwerNok4GUBZeV3nHwo_xTSl8ZQq9t7qClWC4),https://www.agora.io/en/careers/open-positions/,"https://www.glassdoor.com/Overview/Working-at-Agora-io-EI_IE1648610.11,19.htm","Engineering,Product,Sales",United States,California,Santa Clara,"On-Site,Remote,Hybrid",checked,Active
Alation,alation.png (https://v5.airtableusercontent.com/v3/u/47/47/1763193600000/jpri3p0HYtrsNjkiiMvN2g/RXjLChfvFncYXdcAHKF3bduqs48dsB2Zmx5St1MqePTO751irxsT6oKJPbQTijmoFViUoFvxNcA4H1SP6uQ_jB_YtTuqdhEcxQ9DVMSM_defIuOybQwn4LB_AWDBKKETuBWKMBL_6Q6zj7XZTkr8Yw/V5cq90NTVS_2rdj5mH7AU2cWxteFj58aR1KOf-U6v3M),https://www.alation.com/careers/all-careers/,"https://www.glassdoor.com/Overview/Working-at-Alation-EI_IE1151587.11,18.htm","Finance,Engineering,Customer Success,Sales,Marketing",United States,California,Redwood City,"On-Site,Remote,Hybrid",checked,Active
AngelList,angellist.png (https://v5.airtableusercontent.com/v3/u/47/47/1763193600000/H_ftMiVXVgJ-raao_fT13g/zbXTxqfaTblQ6LQgQafjcSePFOCd0G8VBeob5JFDUIhBhbbJFIMQ_Gdu-5C8W5pSPKqmEbzXgfcQcy3tGdtXt7VpHSYASPiiKNZkvrFY_jbD0lN7-eCMyDe07XkGHi9pWzoPET6n2vO7figURGWQRA/8ZQWuleIlZcDs5-xoggQL8TUzxZ5cUlgguQQX5i18Is),https://jobs.lever.co/angellist,"https://www.glassdoor.com/Overview/Working-at-AngelList-EI_IE1089094.11,20.htm","Customer Success,Engineering,HR,Product,Sales",United States,California,San Francisco,"Remote,Hybrid",checked,Active
Anterior,anteriorai_logo.jpeg (https://v5.airtableusercontent.com/v3/u/47/47/1763193600000/LoQ0jiHhLs9feJ1SEVd4sQ/b-j-3BPifMY35MgIPvYU_E3-c-RihPqtYcCRhNu5UWYSOnvu-1kYFSMdRGdqZW_50QFPdq3jn0g1BjQT7_Jatv5eseOtkNtdKyxr3ukS2xSgnbW640fLkSZD4Sd7ayIUxr8JOtuQfDb1R51bsx6pCkFp51EOXnLj54sw3GSxRaE/VEf4hJEGjM3IPOcFbpyw_47pgfdEBIf_VQzk1Dk9UwQ),https://www.anterior.com/company#open-positions,https://www.glassdoor.com/Reviews/Anterior-Reviews-E10233000.htm,"Engineering,Product",United States,New York,New York,On-Site,checked,Active
Anthropic,anthropicresearch_logo.jpeg (https://v5.airtableusercontent.com/v3/u/47/47/1763193600000/cr2qAzNNUZEJsnkC9-SEow/a8UGo9djrb1HbcMZZj08AjSzqeXLs8tUIvePYI20p_gGgtAUxCIrdFMU1TM-CLk2DCwq12SP3zMb15Gjh3nf6L5MbD88E_SgB_hYL_QxgyMN3RpJZlyBIHKlTR2BeHR-StN52qgbBSUlL3IekSB6lADD_Ao_-Q44NZDnVdloaHg/KY2TK_KaVU_fxUDRu7zoKMAfczrDkxp_w5SUBRtHRoE),https://www.anthropic.com/careers#open-roles,"https://www.glassdoor.com/Overview/Working-at-Anthropic-EI_IE8109027.11,20.htm","Marketing,Design,Engineering,Finance,Product,HR,Sales",United States,California,San Francisco,"On-Site,Remote,Hybrid",checked,Active
Apple,apple_logo.jpeg (https://v5.airtableusercontent.com/v3/u/47/47/1763193600000/U0GUFbxhVGGb1jrhqlXBNQ/jusvvG5xhUU7sf3rGkB6Sw8Q8XZMeQGlkIoQd8Ft4HRhucv1qUvIytaGwZnrean_CrKTDS2nDsjCJ8jLnT4QjAwBJtCVCORhrsNqiJECePT6wyLZX6YsEEn4RXGpgUuP6Tw9af1Tx-c3clJuDPGcfA/Rxn6MeCUWQiP_QDK4gVZnoeGtj4HqUTM--UUNvj1o2Y),https://www.apple.com/careers/us/,"https://www.glassdoor.com/Overview/Working-at-Apple-EI_IE1138.11,16.htm","Finance,Sales,Marketing,Engineering,Product,Support,HR,Design,Internship,Data",United States,California,Cupertino,"On-Site,Remote,Hybrid",checked,Active
Applied Intuition,applied_intuition_inc_logo.jpeg (https://v5.airtableusercontent.com/v3/u/47/47/1763193600000/PhWDk8HSj0_wyoXl8fay5w/HB8vCbrOcjheywTwUTT4ZrppeGW5J3gyObN30YYGWhcG9ChpcL6Kzz16zP54OityRAmQzaLrCOQvSn7XEKws9wwsoEENWCdApT-VZ4J4wm-iKzkH7RyCHpkHK1xHQJcmliD3fiGkcwkSr4kR-ilcBP4ru-Cdyh-5CYtffEsBtcI/oLGn5ZSpa4KP-ZU8zaZLzhDMNI20EtFCSd5Rqz2MpcQ),https://www.appliedintuition.com/careers#job-listings,"https://www.glassdoor.com/Overview/Working-at-Applied-Intuition-EI_IE2598562.11,28.htm","Sales,Product,Marketing,Engineering",United States,California,Mountain View,"On-Site,Hybrid",checked,Active
Articulate,articulate.jpeg (https://v5.airtableusercontent.com/v3/u/47/47/1763193600000/ilvV1TaEjvgUQmwWCS62YA/NN6rshLLoeixEGXMqjVw__iYUiMKYMTFLnLMSH95DLnsoSUsvgKX85F_X5nDLIvmzzWav7oxYypmGcyQcLvvbCTpYeutRKq-MZbTH2nhzs1UGit8LwIWl7ZNFuf78NAKQgAUl5MSSU9oLGl3ZLUIxfAkmds-ogeK583RHYgGlKw/c00k8tGZbVkyrL5ARL2hSWStTbB4eNnY2iEK_BAnEfk),https://www.articulate.com/about/careers/#open-positions,https://www.glassdoor.com/Reviews/Articulate-Inc-Reviews-E702122.htm,"Engineering,Customer Success,Marketing",United States,New York,New York City,Remote,checked,Active
Atlan,atlan.webp (https://v5.airtableusercontent.com/v3/u/47/47/1763193600000/OhOgCJzKA_OOQFja5FLWvA/CpMNL7LnlMyzzNiCQBHXOgcJh1EVLkHdPyupos0Z_zBW1d59vHCLaN2r8ueGJkCaaTBhDD0hapNdrpbfWrAMOmICdWbYEJxK2rxXWAP3Og5KlxZOvU1UyEzwIB9gfRSlxDS0DlaGWwuQG4165w4drg/YW6Pu2pa3dkDNlbclUAQHbPP5cTG5D_jHGFJog6BneQ),https://atlan.com/careers/#job-list,"https://www.glassdoor.com/Overview/Working-at-Atlan-EI_IE1028768.11,16.htm","Engineering,Product,Customer Success,Support,HR,Marketing,Sales",United States,New York,New York City,"On-Site,Remote,Hybrid",checked,Active
Atlassian,atlassian_logo.jpeg (https://v5.airtableusercontent.com/v3/u/47/47/1763193600000/CvXVoPNNDyT5cxfmQXwxdg/L9SSoAkMf1gTH0N0q04Gq1_d4pRnN4DNZJsgBsk5ZlA-NGk8UDfagldDttrjTBlAFbFkyCxIElpLMVtE_Wh5-uCGRKtC_FqbxypyteR5Ibdd3Co-tB7LKoM1yDRdpW90ydx2ckZ0f20wWllPTb605Q/-FyW6_UmQl65yUFf4WDOd3HMSplJKphmh2O5wipZLnk),https://www.atlassian.com/company/careers/all-jobs,"https://www.glassdoor.com/Overview/Working-at-Atlassian-EI_IE115699.11,20.htm","Data,Design,Engineering,Finance,Internship,Marketing,Sales,Product,Support,HR,Customer Success",Australia,,Sydney,"On-Site,Remote,Hybrid",checked,Active
Benchling,benchling_logo.jpeg (https://v5.airtableusercontent.com/v3/u/47/47/1763193600000/T5bPjNF4nJptwebvqZLTkA/HPXt6XZR5BAbM2H6xUGNISxZdfLfhk9KlAKjVhoyR3tV-2WafpLZQrHfoukc41nZVA0pNk31h7wniqoRrxTfgSY48KgfbHQ3Qe6pUVPu8jG3tTieFDER6zyrFA70qPA-jb7hUExIqbRykl7CmsD4Ow/SUjHad1cVQKvT8NWYCvSOlIZgq8mGV3dg9ASQPB5QmE),https://www.benchling.com/careers#jobListing,"https://www.glassdoor.com/Overview/Working-at-Benchling-EI_IE1291069.11,20.htm","Customer Success,Engineering,Product,Sales",United States,California,San Francisco,"On-Site,Remote,Hybrid",checked,Active
BetterHelp,betterhelp_logo.jpeg (https://v5.airtableusercontent.com/v3/u/47/47/1763193600000/mCM4Wbd8rctWtFbf0guAmw/OfwmdizxXl9Of0VZXIr1SQBTxmJ-elK9oHV-O6hHcRsDTT7B4RCq-c0J9FCHPILgOIIOwnUXiqVIex1X5CVTmAkvGK8UimNdWr4rcFxL6ak2VK8DLdz2keMTiVMt61odxD-MsvZ5uVLNNozeruaaqFgGT9224w2ZRr9qrHQ7OX0/DvwLjjD50eq4CBVzGBi_-cTmKtGryM9tDg8BxnFzVhU),https://www.betterhelp.com/careers/,"https://www.glassdoor.com/Overview/Working-at-BetterHelp-EI_IE1304061.11,21.htm","Engineering,Product,Marketing,Data",United States,California,Mountain View,"Remote,Hybrid,On-Site",checked,Active
BigCommerce,bigcommerce_logo.jpeg (https://v5.airtableusercontent.com/v3/u/47/47/1763193600000/UdNTNqhl9nZ1suaMymagKA/9LxMOP24Bq2BwIH1kEdczQGJOMDHZzglGJ-QiXTQg1G_vV9H3EElVFP0w38Zx7AW4FgMmTo-bamSSvLXPuEOScO_-sj2L91ZVhV2Fh6xpDBq99K2bgkyV7JpU8PiLrNEI8xmy6VxtB2gVGSFCjZMWbDaF1B7cN9NmprRFlsFSFw/jpHxJBZtAmT6qH_R5X9SPqLtHMqXt-7XNb_V1ec7MXY),https://careers.bigcommerce.com/teams/,https://www.glassdoor.com/Reviews/BigCommerce-Reviews-E446630.htm,"Customer Success,Engineering,HR,Sales,Design",United States,Texas,Austin,"Remote,Hybrid,On-Site",checked,Active
Block,joinblock_logo.jpeg (https://v5.airtableusercontent.com/v3/u/47/47/1763193600000/MVznV-kEXYPWDMU0VjfUYQ/hal_HRjgZGHpDwFoHud6zjFFVMta6SIPqtK7GdL04KesKIqdJUMQRy6Kd5FEs5wkL0biDsUSaceYYWgPNhvpCrWf6Pf1sIBXjKqKfACLUHjMs1-kKc4TqT5edmw5_fnRvu7x8dHH8zQEr4UTan7bhLHsBXgbr_TkISUomuv6ifw/o0c3ojTwGyGPbBFoAg28zvkZSoyZRbXYxyr1OfMR1MA),https://block.xyz/careers/jobs,"https://www.glassdoor.com/Overview/Working-at-Block-EI_IE422050.11,16.htm","Finance,Sales,Marketing,Engineering,Product,Customer Success,Support,HR,Design,Data",United States,California,Oakland,"On-Site,Remote,Hybrid",checked,Active
BoomerangFX,boomerangfx_logo.jpeg (https://v5.airtableusercontent.com/v3/u/47/47/1763193600000/GjLjlGzS6YV8LJGjKNOepQ/ndnhNUSyYXysk5AoDqzXd8ylM8VmyxZ0K9lCLiRaO5rqRG6ObVteXksvZ6nRT6XKfF5VfkcGon_hGpYo9YX06HDhSbSdxei04sJYDX9n3L0wcIAEvyS9mdQ-QjjwThrBCf2Ks9B7w87vWTftpr0I12qfG4MEoMSN_ryRbLttA4w/SCSxCcNDCsGqypiCj_-kYVxHwPO4LQe3ZX9iFALC5gg),https://www.boomerangfx.com/careers,"https://www.glassdoor.com/Overview/Working-at-BoomerangFX-EI_IE6744111.11,22.htm","Sales,Finance,Marketing,Customer Success,HR,Support,Engineering",United Stated,Florida,Miami,On-Site,checked,Active
Broadcom,broadcom.jpeg (https://v5.airtableusercontent.com/v3/u/47/47/1763193600000/4c9S4eIL5AAdttfeJ4R1Bw/1SJ38OkuyEG6wMfMoIBCpQqTNrjAoDXriHqhv89CQ956sNhQMFhfktk-PwA1V8teP5eLiV-dRIowymc53qk75QD9nqWTkuDksY6I4GUXYjad8K_FqrtW_Zx4-2sROoUN0FdW4o7TQpJh7HfZHLAz-Q/0lc8cC_T_zy0_LdWz9oKEdXzpeipXoEq9pmvw44MqUM),https://broadcom.wd1.myworkdayjobs.com/External_Career,"https://www.glassdoor.com/Overview/Working-at-Broadcom-EI_IE6926.11,19.htm","Sales,Finance,Support,Customer Success,Engineering,Product",United States,California,San Jose,"On-Site,Remote,Hybrid",checked,Active
Buildertrend,buildertrend_logo.jpeg (https://v5.airtableusercontent.com/v3/u/47/47/1763193600000/LF7ntGb94BZ2OIb8yKqF4Q/ayjViHO2a7p1p0CBoaaJlM4dR4dnu0DbZogrZRmJsg4x9Rg_03oKUfaNaWcgvw9cLXknJnnwmErqz9gF_ZE5M3C4ynAK1tgNYsjlpXmaYSGo6z_32VDJsG9bxU_GW6mkg9zKIrWjjLAvBzchkUdWpqPvTX5a8s8gMHTF43TcO7g/cV4oPql4ez9lmT46LSjjGRsIdZlCa6jllI5FdFGa4sg),https://buildertrend.com/careers/#jobs-list,"https://www.glassdoor.com/Overview/Working-at-Buildertrend-EI_IE1633383.11,23.htm","Data,Engineering,Finance",United States,Nebraska,Omaha,Remote,checked,Active
Capgemini,capgemini_logo.jpeg (https://v5.airtableusercontent.com/v3/u/47/47/1763193600000/AXaDhIi1QFmTuDJksGbUpg/qrjvnvgDKF9puI8jmZnnE38h71NBUhXShdBLmHVNJ4GxpuwMu9KeoMG7wUmZDeH_ZxMLEsWQBrMXPGPyOkjbBrRZyqGN4FjD-c_u15iRt7cyYv-yKBQPC84f3RwAWwfqCAaWVRl6vRi99RE6gieK8g/VlCLwqT1hJdEO8ZmGWA7tSku-f-bRiGwRghydQl7lm4),https://www.capgemini.com/us-en/careers/join-capgemini/job-search/?country_code=us-en&country_name=United%20States&size=30,"https://www.glassdoor.com/Overview/Working-at-Capgemini-EI_IE3803.11,20.htm","Engineering,Sales,Product,Data,Design",France,,Paris,"Hybrid,On-Site,Remote",checked,Active
Cedar,cedar_inc_logo.jpeg (https://v5.airtableusercontent.com/v3/u/47/47/1763193600000/25i5FPMyqFRhfXeLbayBhg/XMiQWbqGUv5vqIrqj7RhbGlrnvabc_K7k2A_FuGd5piYOZfSBcHTytTd-aPdPa5T7xjDPyVIm809SolJekrxSCEOMehBURssT2gZMz5qGejT0d1V4jdeBCjTCkXcm1pbOEwdcTDg6qxl39fZFQkiXxdYz7NuaBIleSmmLQhuYVw/k2ufjd9t_iD6VqUXSVe8MMcIg1xTmJbQYMQOtetgalo),https://www.cedar.com/open-roles/,https://www.glassdoor.com/Reviews/Cedar-Reviews-E1801509.htm,"Marketing,Engineering,Data,Design,Customer Success,Product",United States,New York,New York City,"Remote,Hybrid,On-Site",checked,Active
CGI,cgi_logo.jpeg (https://v5.airtableusercontent.com/v3/u/47/47/1763193600000/-V9PdtC-hBHptKk_Z63qFw/y-XPtnyVQJQfaohNzC5VVRFlWE7bnGPthKkstIP9yz9m8u9niFzXwkZZzBjL01IomUA7N62JJzbCKSt1Tp99y_FNnDL0Fdn-b44ni2_fS5tBjkkcLWqQa_b5zZ8ZeiQVleoprZnSUDXzQkHobsyxmA/lhdqT3PzQp4M637yje0ux5VYIRSPMqZxT-1DSdBwYc4),https://www.cgi.com/en/careers,"https://www.glassdoor.com/Overview/Working-at-CGI-EI_IE8452.11,14.htm","Finance,Engineering,HR,Marketing",Canada,Montreal,Quebec,"On-Site,Remote,Hybrid",checked,Active
Chronosphere,chronosphereio_logo.jpeg (https://v5.airtableusercontent.com/v3/u/47/47/1763193600000/G3y85VjPeO-1ZUYzF4-l0w/V7SnHNy9T-rbEstI6XaSDSrrgbdRkwlUv_RZGAXZp3W1hA4wKr9-CQ_YwhkRWnJwRAcyqVgCDm9NyAgic1uSNgcSa_00T9JSi5jW2YbusBnPkPHR9QCp3Bbuj9464kBF7MQVxJhtmow9aum-jZjVY_0PcnzMkuIOIApAKA_Karc/YHprvpU1kOeTqua1xFVF1l0Ja7LjsKum39fQXr6rLWU),https://chronosphere.io/careers/#open-roles,"https://www.glassdoor.com/Overview/Working-at-Chronosphere-EI_IE3190342.11,23.htm","Engineering,Customer Success,Sales",United States,New York,New York City,"Remote,On-Site",checked,Active
Cimpress,cimpress.jpeg (https://v5.airtableusercontent.com/v3/u/47/47/1763193600000/TLp7QMzfXePP1dtn3-uBcg/VcivU7CGEE_dmRFc47OcKD3_alWhgCSdciPYg6KS_nDaqbNf5deQRzhTIGtqccNdzOqY_f-2XfZt2QyKQSjdLg4eXEPNFgl2ErTA1n5n53mb-q8au8pVyrD_JBdKJnQlFRaiY1uFKa39BFJLJH56dD8IiDMWxkV5ODR1f_I49Wg/7XgEyL_BLwzISE7wy0ubDXH2ggwo1ZAQ3wEMHHRltP8),https://cimpress.com/careers/,"https://www.glassdoor.com/Overview/Working-at-Cimpress-EI_IE917184.11,19.htm","Finance,Sales,Marketing,Engineering,Product,Customer Success,Support,HR,Design",Ireland,County Louth,Dundalk,"Remote,On-Site,Hybrid",checked,Active
Cirrus Logic,cirrus_logic_logo.jpeg (https://v5.airtableusercontent.com/v3/u/47/47/1763193600000/OEubl_oskA_29q9f12Zm_A/Jy0lONMqSPoZrCiozFg-FyQgzVZ4OxbHuVK9tKeHhqB2EPEdw7qHZJ1l4dGxWWrmurHpYTEKmGqW9SCgNhSQqISLKtF0xv1Z0ncLKjDD8-rqQxjQoASMVX0K5f9JfFxKvk7EbKqz39h_FjqfbrZqEIuvKoi2mLvmb7W84TPTsJo/Q9NsXT4lG03qYczZlpwxjjzq_ALJMcZunTCM-266XhQ),https://www.cirrus.com/careers/,"https://www.glassdoor.com/Overview/Working-at-Cirrus-Logic-EI_IE1259.11,23.htm","Engineering,Product,Design,Internship,HR,Sales",United States,Texas,Austin,"On-Site,Hybrid",checked,Active
Cisco Meraki,meraki.jpeg (https://v5.airtableusercontent.com/v3/u/47/47/1763193600000/PSeAt-xd7C1l_ASY6akzQg/L3X9nf8ziR7mxnfzXbLw9I0nP9auD_HI9UNcMymFEmSoD7VTrZRfew8Uj6x7NsrZPzqNpOhstE_tJFXpd1efgWb7b2W_WJA5xjXLC3M50tq_TmnQ4bs2ETPxEcBE2RnfnokT1Vf7-KVTLrOnpqOfog/Lr4qUkSUN5gDqPF6Rmu_Tl1vLK4MJSw9D2XI6jwcnVc),https://meraki.cisco.com/job-search/,"https://www.glassdoor.com/Overview/Working-at-Meraki-EI_IE391788.11,17.htm","Engineering,Design,Product,Sales,Data",United States,California,San Francisco,"Remote,Hybrid",checked,Active
Close,close_crm_logo.jpeg (https://v5.airtableusercontent.com/v3/u/47/47/1763193600000/j2FeWf3cGWrvNkGp5FyS4w/UDicDOnt6VqGKyYtIjx3YROE9r5UKc4v7vhjUkZ0W-zXhbUZtBVzlJTlP4uVVD9Q6R4T49-IVYozRPaRhqTY2iBKOaP7m-k-2mtdIof9mlZhueXwTgjvvhF8c9udhbpicfootmFfAjwhgq0ZwuTYnJYWBf2679euRLxg44OM69U/f8lpsnMix__TjqWRh39TeyPG7fBThB5npHJIpDA0k5o),https://www.close.com/careers,"https://www.glassdoor.com/Overview/Working-at-Close-EI_IE1155591.11,16.htm","Engineering,Marketing,Design",United States,California,San Francisco,Remote,checked,Active
CloudBees,cloudbees_logo.jpeg (https://v5.airtableusercontent.com/v3/u/47/47/1763193600000/SteCee3bRmuQ6HAHlOE-oA/2jXqihw-ctOIWN5LybEzHSQyCnhSHXaL6gLPAxB18__NNnIfmz6JYK7dA1FZY7SLVt9VRcUwhvBQS2vmYEXxVB2w7BUdFJOh1-msRLIHjhoalA_t76JEekmwkcE5Fgpr_5-JMTK5BdNYVer-UE2vew/bLnhiTx8lUFPxEqNAiGk7p297qghZbUN4s35TymC4sM),https://www.cloudbees.com/careers/job,"https://www.glassdoor.com/Overview/Working-at-CloudBees-EI_IE1106279.11,20.htm","Sales,Product,Customer Success,Marketing,Engineering",United States,California,San Jose,"Remote,Hybrid",checked,Active
Collibra,collibra_logo.jpeg (https://v5.airtableusercontent.com/v3/u/47/47/1763193600000/zQzoVQXffo9ZdDWyU6N71w/hlTbBWzRvjWxme-r3DaJWWd1QkOkVMh4AeJ2igcMLWQI91xrmdSXOJODMP2yfgWX1344xVSc0JW8vpItETiOdscv38z3YCCmFEW96XQWo0It3pcMzdxN6xiR6MU6mLaeEhagU1fbo5KpqmdeSIy7LQ/bSZdBJg_VGUvR7KqxFKrFatqBl3NoS_r_96wnCu3P2c),https://www.collibra.com/us/en/company/careers#find-jobs,"https://www.glassdoor.com/Overview/Working-at-Collibra-EI_IE478548.11,19.htm","Customer Success,Engineering,Finance,Marketing,HR,Sales",United States,New York,New York City,"Remote,On-Site,Hybrid",checked,Active
Consensys,consensys_software_inc_logo.jpeg (https://v5.airtableusercontent.com/v3/u/47/47/1763193600000/wUtwoAkiC0wScLGCkIgQAg/mhk_sWI3LRP7x6PeAlGY_EHi4wHnw7M5qVPNkn8vxPUtREv7nZtjuG4J2iRiHENtAT1Bhk0m9gYdsKx0j6e2FpnYMxTQI-zJCy22r5l4USYRerM7mcOLoT7cUEYjKX1KSqdCbwASPl1naQdxioCn43KPmRp4ft-fmCRZTsJw5c0/Zt1zocPwYVavSHMb1QC6hqcv-wVK6zAOXwJ-VAhzQqE),https://consensys.io/open-roles,"https://www.glassdoor.com/Overview/Working-at-ConsenSys-EI_IE1613426.11,20.htm","Finance,Engineering,Customer Success,Marketing",United States,Texas,Fort Worth,Remote,checked,Active
Contentful,contentful_logo.jpeg (https://v5.airtableusercontent.com/v3/u/47/47/1763193600000/q94uxRUKnJr_vMVMw1sCOA/MhRGmuHgcw1NsuTGl1bp2QiH1nJUVqF0clkaoMRZJqAQ1HGAKZV4vmIWFCwzUNZZaugG4QOBUuQh8cE5Sj0WwLGRnM7v-LmuatdZWLBT8q346SjA3rjzzDcN61Gs9UQJhORsiqwVQSBTgE0l1gtbVg/6wvaGf5kJa_Ct0__8aVec9WqYf51Uo4CzhkZ7GgHs6c),https://www.contentful.com/careers/,"https://www.glassdoor.com/Overview/Working-at-Contentful-EI_IE1435539.11,21.htm","Marketing,Product,Engineering,HR,Sales",Germany,,Berlin,"Remote,Hybrid,On-Site",checked,Active
Core Digital Media,core_digital_media_logo.jpeg (https://v5.airtableusercontent.com/v3/u/47/47/1763193600000/Itr6gKwGoRKFpV13Vd5o2g/MtKaO2mRBzYPrvRuKzl5HZ_vMqA8CDe3Z43Wq08lR8DCiE5-9HUGgGwesyXeyHz6F8wbSoCMRbmnngrpbv-AaAuSn5aSbLSMyVEVmliBa7qqJA8hZIGi92pHjSYvdeVAWYHszDdtEBbB8n-ZQClOC-FBEH4TS1u8Byrum6yRkgw/67BxfmN-X4SXqMX-MGV_QBPz-VbeE3Ah0tHpYko8MUM),https://www.coredigitalmedia.com/join-us/#positions,"https://www.glassdoor.com/Overview/Working-at-Core-Digital-Media-EI_IE671509.11,29.htm","Marketing,Data,Product",United States,California,Playa Vista,Hybrid,,Active
Crowdstrike,crowdstrike_logo.jpeg (https://v5.airtableusercontent.com/v3/u/47/47/1763193600000/BDpna6XAfhy6cgOqvVGENg/idbkHvuRjUHd0qnHQ3cM-ICKAKu06JVSn0ZCMaTrdZu7T3_JxeYKrDx1Rd81iY-_hGGuNeWq0hlzwQlGS-0VkHizkh5INtOoFPrCy1cTSM0F7znlBPhSWJTavod1m4mTdzvRcZApmC5gkcA7f7Y419ZCcBZ6OqucwhpWZOIbPfY/6234flbasmJNQu5s-xMK7IHwbLMra-axhz3blFr6jOk),https://crowdstrike.wd5.myworkdayjobs.com/crowdstrikecareers,"https://www.glassdoor.com/Overview/Working-at-CrowdStrike-EI_IE795976.11,22.htm","Finance,Sales,Marketing,Engineering,Product,Customer Success,Support,HR,Design,Internship",United States,Texas,Austin,"On-Site,Remote,Hybrid",checked,Active
Culdesac,culdesac.jpeg (https://v5.airtableusercontent.com/v3/u/47/47/1763193600000/D9TDNGTdNDNs3BxU9wRz9A/ZELpYDqWln3YfxjJo7Q924RA73aUKYj6A78dgGHWwJPrqEuIeXCr44DZ9rTGN5wt3oL2G8lbrWdgGTlHsVN7BDaTrz2uDstfgEiZ0yIkdDqZXSrTcjEFm_xLco9fzvTwkh2nQK62M30JBEz62z9eCgdDBE-h9AvfPNA4sUHiypE/Xezrahpigrd9TIZUJ_8wYbXLYQbaPNtHKokNSYU8880),https://culdesac.com/careers,"https://www.glassdoor.com/Overview/Working-at-Culdesac-EI_IE4410206.11,19.htm","Finance,Data",United States,Arizona,Tempe,"Remote,On-Site",,Active
Customer.io,customer_io_logo.jpeg (https://v5.airtableusercontent.com/v3/u/47/47/1763193600000/MPAQ0XngojTdnq1HTkh_2Q/LdNuIdBMkzbBC0O8rG6b_OkJQmNwjkDQqmVZkEkkbP9vkpkvt26MkN4dUxL_dUeDBj0izkNs2I06jx8BUg_po3R8ePWB2T0HTfEopFVueD-nNx2VIYwMwaDLEeItmYQk3krHPNfxrEyRaR_KRE-8PM6ABxrMiavG0dycs13Geg4/RBUeOFQsW-5_mmMLCJ5MFfeuH5XgcNpMrZ7IeRiet-k),https://customer.io/careers#job-openings,"https://www.glassdoor.com/Overview/Working-at-Customer-io-EI_IE1308885.11,22.htm","Engineering,Marketing,Sales,Product,Design,Customer Success",United States,Oregon,Portland,Remote,checked,Active
Databricks,databricks.png (https://v5.airtableusercontent.com/v3/u/47/47/1763193600000/-ohLpwp9C_cHfBAF1s7nJg/4Ow8_VKtPMx_wj7IG3_gZ8yiMw6-jZTZzrS3ZniCP7eDltlfszvnHI6FbLJzrNDhChlH1_NW36fMO4nOc62_dagKzQzw5ZTjmBrSNXCzVZCB3xcmFyEi6CB6YEffXNrO1pcxeTUrR_2unEpk7tJPgw/nq3N405VCTtasUueDmPBVQN-4x7UDuNRKEtB2b6w-jw),https://www.databricks.com/company/careers/open-positions,"https://www.glassdoor.com/Overview/Working-at-Databricks-EI_IE954734.11,21.htm","Customer Success,Engineering,Finance,Marketing,HR,Product,Sales,Support",United States,California,San Francisco,"On-Site,Remote,Hybrid",checked,Active
Datadog,datadog.png (https://v5.airtableusercontent.com/v3/u/47/47/1763193600000/ZPBN_sYfIe6Xnkj4so6Qaw/kdKkmRIB-B8cAIScFOPiN7Fk1xO9-99iWU3EGAK8j9b9Bj17xfEVC3GLfgeF7jAw2wwhqDsJFW3ShXG6vqgPQ-viIzgLGi0jxfEZpBoVK92LroxjMhs23Yd3xSArs-CIzO06fk3SsFsW5xQqO5iUow/EYJRh9JwYPd0ltCMcNfH9EkB6VznIPf-UzgzkbbJRFQ),https://careers.datadoghq.com/all-jobs/,"https://www.glassdoor.com/Overview/Working-at-Datadog-EI_IE762009.11,18.htm","Engineering,Design,Marketing,Finance,Product,Sales",United States,New York,New York City,"On-Site,Remote,Hybrid",checked,Active
Dataminr,dataminr_logo.jpeg (https://v5.airtableusercontent.com/v3/u/47/47/1763193600000/ZYc4UufNLCi7WeDzq0M0wA/vjjbLOVVfx--FGMV8rJXtiFqFC3RQpVuo8w4C1vpNhAc2zH4miboGDXjzKyL-TaVvcuC_19WyLxYCjHAmRLT4pZXmeQP5-8l_gNBW8_lQqd-aQalm59zGklm3rlO-QgOHhkx6oD0vExNAtjBysD_3w/SgAGU4x9umGr8UEkNQMNPhwfBi-opRdfY4UNgVzvw6U),https://www.dataminr.com/careers,"https://www.glassdoor.com/Overview/Working-at-Dataminr-EI_IE749857.11,19.htm","Engineering,Marketing",United States,New York,New York City,"Remote,Hybrid",checked,Active
Datavant,datavant.png (https://v5.airtableusercontent.com/v3/u/47/47/1763193600000/53QMKlkrmI_IjG5oosrzqg/NrrvLTrT3OIEYcJfeisJeDFg00N_I8vA-kxXryT-NZ05zbj1kDm43z2nEM7sp4UYMUaNrktoun31N9aPQomgL80Sy2KMJDqHaR1WZvtHH2_1lYDSEaiNErGgZyW1n_nDvLk__Py4E5uBg5tWZKQe_g/sC0iyenCjaPnfMZGyJcvGh524Owtwuvl3Pof2cEhcsA),https://www.datavant.com/about/careers/salaried-roles,"https://www.glassdoor.com/Overview/Working-at-Datavant-EI_IE3280030.11,19.htm","Engineering,Finance,Marketing,HR,Product",United States,California,San Francisco,"On-Site,Remote,Hybrid",checked,Active
Deputy,deputyapp_logo.jpeg (https://v5.airtableusercontent.com/v3/u/47/47/1763193600000/Iy-Mj4zYaLdGX4tcODEN1A/uHCT1IJy6myQmVi8x9b62u6mpKNKwZ7_m2V7s5nhbdMW1eNFcBAySetcQWDWmBx-tIFivlk_fR30IVQQtUlF3DGkfFQaU-KT0B4-KZbHYCc9vof7aiNPi15mQgvTIR4_vaJ1UOXfSNGSZWO1xHTv_C0O4FiABZMve8L7CAyra98/sNkxhGVRL_yzeYRKjacpQMHhl3f_adhHqQMU1FSiViM),https://www.deputy.com/careers#lever-container,"https://www.glassdoor.com/Overview/Working-at-Deputy-EI_IE946335.11,17.htm","Engineering,Finance,Product,Design,Marketing,Customer Success",Australia,New South Wales,Sydney,"Hybrid,Remote",checked,Active
Digible,digibleinc_logo.jpeg (https://v5.airtableusercontent.com/v3/u/47/47/1763193600000/sQ0k7K8ceW-B_-xFJSKkfg/pQsCHldMWLuxGSZYzCb-b4FtCQBVCwMUPa1mm7iQv_12D3NErcxCcT24p1EpcqMkWYAvKRmfTug08IY9yOQ9As-Vgoqwv-W5AyAfg4lGyEf24EVVGUEJ-8uwzsNru92Rmci17OOtwhRivllgw4a22ZV3kQsOUpbvkAnFmPctzS8/O9pKcFnCW6zH06He_OTUakNwft6ORAr2RBnDxKxDUAY),https://digible.com/why-digible/current-openings/,"https://www.glassdoor.com/Overview/Working-at-Digible-EI_IE3625748.11,18.htm","Engineering,Marketing,HR,Customer Success",United States,Colorado,Englewood,Remote,checked,Active
Drata,drata_logo.jpeg (https://v5.airtableusercontent.com/v3/u/47/47/1763193600000/v3TMjKqN5gGJzOjh0lI7Xw/nslRtGMY__KOco6D0jbDSzFCTLUofiGjL4MmXrCFVqAlPyhzSHXs2VAkjZAgsukIwxWeemN68OxRLpu2Fj7Vb136lkYIOfID7O9aiHkQv-JAJ4CML3MH7TYZpuYQcco2xwLybB-9FR2yZux6UFTetg/yGAT4aQEIrtTMg4lhn-GE7Y0WCRCnXgLuj87kYsV8K8),https://drata.com/about/careers,"https://www.glassdoor.com/Overview/Working-at-Drata-EI_IE4333749.11,16.htm","Customer Success,Engineering,Finance,Marketing,HR,Sales",United States,California,San Diego,"On-Site,Remote",checked,Active
EarnIn,earnin.png (https://v5.airtableusercontent.com/v3/u/47/47/1763193600000/uaRwbKtkdg7ofJInPE1cDQ/Z18D6_eVwJyJQOl1_lNXs2T3rSSDs0zn85WVwvgjFahoREstzzTYs-Iw6HNnWxDptDFBkq0p0jZnGMed-u08yXs-YzOXndIsssVGmRc1JGI08X0aQeIY9nd5kBQ49kGVb8I9Nbfxc4rFPVTHOEhVZA/1oKx9Bny7wxdmra5o9hoe5ZwhZwJqzw6ysajU_Jb8yo),https://www.earnin.com/careers#open-jobs,"https://www.glassdoor.com/Overview/Working-at-EarnIn-EI_IE962632.11,17.htm","Finance,HR,Engineering,Product,Support",United States,California,Palo Alto,"Remote,Hybrid,On-Site",checked,Active
Epic Games,epic_games_logo.jpeg (https://v5.airtableusercontent.com/v3/u/47/47/1763193600000/4ihAxixxkfCyuJQoQ_n9zg/-OTeTrPD8uO3kEjhaHILJxjOzZMkBzkeVt9ZU0g07MK5wAhEweNeLQYGNvIlsZ0Z-7u6y928yIN95taKSCSLvkPYO2EEG2IBaiDIHlfM7lZoyCt9ActotYlL93J80l12LZQqFxNvJFOx3586nQWzSQ/zzBxsS8hl3QDIH2fd7GLSFQOg6tdDuvBC3MUiCOY4Zc),https://www.epicgames.com/site/en-US/careers/jobs,"https://www.glassdoor.com/Overview/Working-at-Epic-Games-EI_IE266904.11,21.htm","Finance,Engineering,Marketing,Product",United States,North Carolina,Cary,On-Site,checked,Active
ePlus Inc,eplus_technology_logo.jpeg (https://v5.airtableusercontent.com/v3/u/47/47/1763193600000/_G5BKqk6eQ6h_z8iJ5pAKA/-91WMtLXitz-3NotchXbBRV6YWR4fdCw1BA_43lEj2iH7n7L2h1gQP0v3wK8nM2nOh5y0nM7EgufXW_0uTMkdt0DbG1C_qISIsrrPJxljybRuM97xDuktVJyWAhfPDNO3D9C1I9dUTLU1f4dDoJUpn_BQT6Aad1iDFKLSEj0qz0/uxRSmmXyvnq7w0Zwv-0Ut5GdaE9a35mgVVZaOl6gwlA),https://careers.eplus.com/careers-home/,"https://www.glassdoor.com/Overview/Working-at-ePlus-EI_IE6409.11,16.htm","Engineering,Support",United States,Virginia,Herndon,"On-Site,Hybrid,Remote",checked,Active
Equinix,equinix_logo.jpeg (https://v5.airtableusercontent.com/v3/u/47/47/1763193600000/ICQ6ufG0TAfK1i_4uIQrzw/6MyFxFsZaLuQXl8g4v1l8M0Rtiy1QSAir8DARukn1ALs0Xank9WnbrUFD6cdEq0tEqlt5jEzSn8pNOE-XzMTPDz2hgUQT1gRIL1-P0yu8w_KbYghmAEVM7RTzvWn4pFajwWcS0nurBHxWH-ldps4lw/VhavI_kxvWNOGYG1WuE82F2yiLxZOapAf7LpTt3iYQ4),https://careers.equinix.com/jobs/search,"https://www.glassdoor.com/Overview/Working-at-Equinix-EI_IE11296.11,18.htm","Customer Success,Finance,Support,Internship,Product,Sales,Engineering",United States,California,Redwood City,"On-Site,Remote,Hybrid",checked,Active
Ernest,,https://www.joinernest.com/work-with-us,,"Engineering,Product,Sales,Data,Finance",United States,Florida,Miami,Remote,checked,Active
Fetch,fetch_rewards_logo.jpeg (https://v5.airtableusercontent.com/v3/u/47/47/1763193600000/Z33OoBZDPlYHEpEy3DlZqQ/jv8l_rjBiCu1clVFK1swxrymTXclngMjAwqs6KA_Gr-r1vu_xQNH-ZGv9uGzKon8hg4OZKFe8vyfoP2lsagZDi-MeapQ-5G2dYuhPKYQ3eS1fj2ulIuTi_l75A9vEpVBC4kQAVQmlvc1z3bAHmh5GQpQ5fFUFmZGwhWMEnOm_hY/mxtgKaNBJQQJYVwRPRB7-0znC3fQAo9KeoPm1bIRQrc),https://fetch.com/careers/jobs,https://www.glassdoor.com/Reviews/Fetch-Reviews-E1078413.htm,"Engineering,Product,Data",United States,Wisconsin,Madison,Remote,checked,Active
Fleetio,fleetio_logo.jpeg (https://v5.airtableusercontent.com/v3/u/47/47/1763193600000/jJ1fGpyqzOnqBz-YOrD7Uw/aOPniJQ1Q_zsiofL_P2wUNbkowxsJXoV5K1xT-DJ8DGiR0bYsZ5XvWzySz1f0PEuKgwyyyLTLCBrbYFqvODrfddfT7_e79yBXf_KaToYT9QeHwqKqnsLvY5BaXVIxot1Xw6AAdN7zc8UhV8ve-xVtDdX0PxlXTJUIa99X7eVRKo/XFPD2dyXL_6B7kWecA7qUsO0FvI5O0sLIEQUh6PIKKw),https://www.fleetio.com/careers/apply,"https://www.glassdoor.com/Overview/Working-at-Fleetio-EI_IE1745407.11,18.htm","Engineering,Marketing,Customer Success,Finance,Sales",United States,Alabama,Birmingham,Remote,checked,Active
Freddie Mac,freddie_mac_logo.jpeg (https://v5.airtableusercontent.com/v3/u/47/47/1763193600000/eQrNhwvr-I3iFarK0qT17A/EIuQY_RTKOTDSuZ6G-CP8AHdGPserayF-IFK36P6PPd2f2nwPg3z1zWw7LkvncUmTzaBfulEL3fzqFQLXrxXSTM7AQ3Uw17OCMoD_toniHzdp7S4afpvZjNtVBoGbYTFmwNtrAQPA-AaKBSvLuitHPdmXX-APTlOHdqMo-jGtdM/_kHAWGpljxUCXRI6O5jNQxgFwujdC8AIiOZ8W5wU6dk),https://careers.freddiemac.com/us/en,"https://www.glassdoor.com/Overview/Working-at-Freddie-Mac-EI_IE1585.11,22.htm","Finance,Engineering,Internship",United States,Virginia,McLean,"Hybrid,On-Site,Remote",checked,Active
Gemini,geminitrust_logo.jpeg (https://v5.airtableusercontent.com/v3/u/47/47/1763193600000/VPc7nbKZoR9rejOa9I0AlQ/MJaz9SphexytsT1IMXNT7vqzpUGK4tQWS-p1TDEBcyIWLZpZYtmHm9LdQZvPzCd_WlCUHGOsEBgYATrk237PHeGOLX7v-u-BPJWybBOdGnzaitr8p2a9VNEY25eKmpb3SSVHLVaf1EePkgj8dbYJ1C9w6vihmg2DnXFYWU4mpC4/ETjItXWSCYfbBdr6gRtIf5uidXceDyEfCE_7hH6t8lA),https://www.gemini.com/careers#open-roles,https://www.glassdoor.com/Reviews/Gemini-Reviews-E1400858.htm,"Finance,Marketing,Engineering,Product,Support,Design",United States,New York,New York CIty,"Remote,Hybrid",checked,Active
GitLab,gitlab_com_logo.jpeg (https://v5.airtableusercontent.com/v3/u/47/47/1763193600000/2PxUftSGG_ox-8_jMa9_SA/Av40FPdTXmA6mvs7jU78WRbZKUmYwAUZQHKbz37f-qv2P2Nsr03pRuLHLAXQ7N2heL2kvXkjyacwhV-emuy2w7J08BCBEUrl92MF824iqlReEROJjPS_lKZaB949wVy0KsOk-Yn6_yR9PtY8r3Wacg/ZALYn6DVCvGTv8gWYY9rYw19Ci6Vvb3osWHAsLuS0DU),https://about.gitlab.com/jobs/all-jobs/,"https://www.glassdoor.com/Overview/Working-at-GitLab-EI_IE1296544.11,17.htm","Sales,Marketing,Product,Design,HR,Engineering",United States,California,San Francisco,Remote,checked,Active
Golden Hippo,golden_hippo_logo.jpeg (https://v5.airtableusercontent.com/v3/u/47/47/1763193600000/JUR4HtTmh-IuwqW0NHd1mg/f_vJXgbXG0uqD13BEHcn6nDa97K5WWEIhgO5gRXUgPQr4amwvwiM3I-6HaRA3VkyPjPPc5EBhC5lnPVrv-1pY_nj_PcvC4tB-yFG7mrWHr5vEbb6HJECTgJji1KWdMEKG_YxC42BZ_QkM275bnygkewvaaixH0LW5o58LD2P_-Y/efrzoxSvD_N692WPJXichSpHijuX7LFblrz-d1zYmT0),https://grnh.se/8da0cffa5us,"https://www.glassdoor.com/Overview/Working-at-Golden-Hippo-EI_IE782445.11,23.htm","Finance,Marketing,Engineering,Design,Internship",United States,California,Woodland Hills,"Remote,Hybrid",checked,Active
Grammarly,grammarly_logo.jpeg (https://v5.airtableusercontent.com/v3/u/47/47/1763193600000/tCiKJBNIbzBwg3nPRnsGeQ/JZPj5HgSBhFp7eMJ8E1lJbdj9mmDolga9LgTtAHiW4hkyeUVUBRPJL7keZZ8P7xEzoi0293w0FUBiyh4SLpJxwO4y9WDCrO8LJgQ5eb3u3egLhtXDZJSuwbq6yU8G13BwQPCCr0Qf8ukTpNk-hspCQ/XI9Ui4-Axn2_G8BK0_-VHm1Cxs7pRz3NgN5SqqPHDzg),https://www.grammarly.com/jobs/openings,"https://www.glassdoor.com/Overview/Working-at-Grammarly-EI_IE636873.11,20.htm","Support,Engineering,Marketing,Data,Product,Design,Sales",United States,California,San Francisco,Hybrid,checked,Active
GridX,gridx_inc_logo.jpeg (https://v5.airtableusercontent.com/v3/u/47/47/1763193600000/3Kg3eVQIdO-c0eg977NDfg/NhxTGr4YNmN07EkbZR7KZOU0JA7JLndNonIJaLDXNsKZSou1KdlRYTQ9onjev-SjmwOhfGOEMlUQLHX4egp2F_q2Ufa2Jib94mqAVTNGtX-JMRjScG5QpgOw5SCiUjivMJo30jttYh_sXbQYT4Jfow/60xgiykOYvirdGO1GXr_fm9PF6KX2bZft1iAhbXrVXM),https://gridx.com/careers/,"https://www.glassdoor.com/Overview/Working-at-GridX-EI_IE3017709.11,16.htm","Sales,Product,Customer Success,Data,Engineering",United States,California,Milpitas,"Remote,Hybrid",checked,Active
Harness,harnessinc_logo.jpeg (https://v5.airtableusercontent.com/v3/u/47/47/1763193600000/1hOhapNyFcelhtX80-oqoA/HYRZdVxGYyGVQ0M6rAEON3N-4po9HIPuZSpIwRg_2zsl-0WRQav7WtrT5oAHwoXdKgYC3Y6iHIc_3gEtuQz9AB3sl4SftoQ-1BpTDZiN_EANaCsgBKrBCM0U437FPMUFj3gLglMTaTuJ0tot66BLMQ/3sATWa74YSd06B5Hkc_ehQbEAqQUeJ29jIDEjO1OG-A),https://www.harness.io/,"https://www.glassdoor.com/Overview/Working-at-Harness-EI_IE1828521.11,18.htm","Finance,Marketing,Engineering,Sales,Customer Success",United States,California,San Francisco,On-Site,checked,Active
Hashi Corp,hashicorp.png (https://v5.airtableusercontent.com/v3/u/47/47/1763193600000/CvjznBCU2jYeGRUlt8uEqQ/sV1a6CxzbNy1yunoDSM6CBOtT73jhgpUVB9dN8ScUmMFQtrkUy2mGy_voCQNg7Rw29iN4QomABryizrn9k36TyJtoe55zj_Tt7hMqGrW5eYMyUHa4F8elsv_Kt7o54yxzwSR8t8Tt1IJ0omJHRZZeg/0EK3f4TtA_uJDCb1N9v6B7yEWhF4OoRTCpbCUVoKWoM),https://www.hashicorp.com/careers/open-positions,"https://www.glassdoor.com/Overview/Working-at-HashiCorp-EI_IE1359860.11,20.htm","Finance,Sales,Marketing,Engineering,Product,Customer Success,Support,HR,Design",United States,California,San Francisco,"On-Site,Remote,Hybrid",checked,Active
HID,hidglobal_logo.jpeg (https://v5.airtableusercontent.com/v3/u/47/47/1763193600000/ksSlrq4oQsed3vHPjuHDNw/GQ8YAEOfwOlKkquCvRqWsjJWmzNxvFotxM39gcRDr1BF1vJLyHKOSUeBf2zWobcml6C53SDmtHT-5iNxIjsYEgLc7SDV-0mBJ9Vp3XyncM_qOFlC-WerGeve0nrSkX8JCleUOJOx_c4FHIJQYVbMTw/XYeZTLKUDxblI8qTEBQ5obVoMd4JmNRa5BITKoFAEEg),https://www.hidglobal.com/careers,"https://www.glassdoor.com/Overview/Working-at-HID-EI_IE15091.11,14.htm",Engineering,United States,Texas,Austin,Hybrid,checked,Active
Infor,infor_logo.jpeg (https://v5.airtableusercontent.com/v3/u/47/47/1763193600000/1W8xd2cw6bgPSvVIU8ExAQ/ZM7NUz5F1xLxyyvJtQpusqBt2OE4oUAZBQKplFOxShJJ3olYpQn2YcrdWHVugdhKo5cVzRtFzmcqBFLuHe7wcBmNmILboj8hzhx9cwYQJgssEu-8GVmmTxZ0V9AFblAr0DbXOwN8ijmgFLSWYbjDEQ/g_2021NT3sWP_c4sGBD_OUl-dy2JtqHJGQogI6MS7-E),https://careers.infor.com/en_US/careers/SearchJobs,"https://www.glassdoor.com/Overview/Working-at-Infor-EI_IE15375.11,16.htm","Finance,Sales,Engineering,Product,Support,Internship",United States,New York,New York City,"Hybrid,Remote,On-Site",checked,Active
Insight Global,insightglobal.jpeg (https://v5.airtableusercontent.com/v3/u/47/47/1763193600000/X_4afxspJ1dwCpdMsyRGTA/PIlIw6-OxXd6gsQHfqheU3MGq2G7V3SH0-iGEJByYvR4g9_5DCgHnqIy0YR1luQSOYWiYGuUwdEj_oyAIXKFGoTX-dYunWL2f6llH0HqJNfIaVA16ubeCgoFwNUBltxu8ltA7tvJIKLyJQ7dBOTkgA/6rlP1HwN_d_tQBZHvy913-cluEJJBwQKM2hZuI9qUJE),https://insightglobal.com/jobs/,"https://www.glassdoor.com/Overview/Working-at-Insight-Global-EI_IE152783.11,25.htm","Finance,Sales,Marketing,Engineering,Product,Customer Success,Support,HR,Design,Data",United States,Georgia,Atlanta,"On-Site,Remote,Hybrid",checked,Active
Interactive Network Technologies,int_logo.jpeg (https://v5.airtableusercontent.com/v3/u/47/47/1763193600000/dNA9LoUEIEyAhgrL_tAoyA/Ut2WR6ZEAt4_jkTI40KSnxAgLIAsySMcLGEUAb86xtYg8Svgyk2x_O6Prs80xG1QABG7Ieq6WA6ENWXMwKpbMxk9wEPhtxPkmhBu_eXQyLkZhPs1tHFWBmbrKc30HGGtPwfJnGLubNnS-wM1tl5_Mg/pDPtAn7_PMcP2QhPuPK4owcf1q7Rwk4mEvu1Mvtf7y0),https://www.int.com/careers,"https://www.glassdoor.com/Overview/Working-at-Interactive-Network-Technologies-EI_IE229159.11,43.htm",Engineering,Unitted States,Texas,Houston,Hybrid,checked,Active
Jamf,jamflogo.jpeg (https://v5.airtableusercontent.com/v3/u/47/47/1763193600000/Q7zmqDDJE_x2YlUx8K9nGg/Afrh8fBtiFj0lMQAcn6uD7SGdYU1M_qkJWHRHEIcNgKh-8_LiWahJ75vQPa9TZJHGxxd9zjOr4er1c9CVkZGNkLEJxXFz4iqUay-CLD7jVNnYRDWkGTdmVQh83V1LhWI7yBOf0jmCJdWjSkURFUz9g/LLKdG_55sL5EHtWf59bkJWU9sVUDTLgbX6R8Nl-uM18),https://www.jamf.com/about/careers/jobs/,"https://www.glassdoor.com/Overview/Working-at-Jamf-EI_IE636547.11,15.htm","Engineering,Sales",United States,Minnesota,Minneapolis,Remote,checked,Active
Juniper,juniper_networks_logo.jpeg (https://v5.airtableusercontent.com/v3/u/47/47/1763193600000/x6cIRP9I9J2h5NgKzPivtQ/Lkpj0gIPMzS9_HQOiysiSEuJYwVfBee3lFGr26FuylLjNucr_dEs75_iC39RU9si-KW_P-2XBiGXJa2QaFooY6l02VIV_2-_kY13qXoBMRP4UEFk29GnrOcgbveag6ZB5Gq6RBZMUCid-3BsmQ9HVzMbKYrzXVMiCilV-w3immY/UqkasJhcvVInsLC-h0bN6u6pEIzcSF0M1QdFgB9TFJU),https://careers.juniper.net/,"https://www.glassdoor.com/Overview/Working-at-Juniper-Networks-EI_IE7224.11,27.htm","Finance,Sales,Customer Success,Support,Engineering,Data",United States,California,Sunnyvale,"On-Site,Hybrid,Remote",checked,Active
Justworks,justworks.jpeg (https://v5.airtableusercontent.com/v3/u/47/47/1763193600000/NGCJv-a_ZBtdTE_2n8havA/Wx98TBxQqyPTiKZ7E-38CeV1E1RcKdzwj7QC4QSW04ijH8xoQh6NRrr7_UUIENhG3QTfyEi1gnLH6BfMXgMN3lzpcfbddK6Bsa8OWOaHyv6EAnaEU1KwFxGm313A9TjIkEg1uV3LCSclAnBRLD_l0g/ukrsgQUtFEWCjXqfeI6UqFuKRRvG-_zGrwkvjxP_UBk),https://www.justworks.com/careers#jobs,"https://www.glassdoor.com/Overview/Working-at-Justworks-EI_IE915954.11,20.htm","Finance,Customer Success,Engineering,Marketing,HR,Product,Sales",United States,New York,New York City,"On-Site,Remote,Hybrid",checked,Active
Kodiak Robotics,kodiakrobotics_logo.jpeg (https://v5.airtableusercontent.com/v3/u/47/47/1763193600000/okWAqrSeYDSil_Mz1r1mxw/pxf60lK0K6r_zb_GB5FUuRduqUS-_InVwquEmYYzMQe9Q3Jw8zzs9EJe7tgH0Pp0Kqiv9VZ_AVodXQ-iB6X6cnHP-jYVZ9t50gtMHy60Q55YQavaBmZyJ3asCT54db0xTb90MGbdzHeYKZadWsd-H57-K7j9SDnucW5qlGcjAqg/zBQ3Lzf6I21MMEtYcD_QwETF85vAbGGn4YtWGbB7LgA),https://kodiak.ai/careers,"https://www.glassdoor.com/Overview/Working-at-Kodiak-Robotics-EI_IE2346649.11,26.htm","Engineering,Internship",United States,California,Mountain View,"On-Site,Hybrid",checked,Active
LangChain,langchain_logo.jpeg (https://v5.airtableusercontent.com/v3/u/47/47/1763193600000/w_OhUWJG4IxU12TRvKnARg/yCFuZP02IaT9-1Phbcm-iUCOkTedQ8PsQEwBk3UY5AytMw_WqKcpO9ywYeGwlmCJJmNF-BR8NymCq3PD_49SLv83dsUgKxkAC2mjgVThGL25vE76F_wTfjPt_Bm6T6_9d_icVssFq6vg7VFaOTf0PKsEGxkUL5YIqYIOgMQWTrc/OX7-k0CmD5FnhKuPZiFuIrjsDBvNXVkqAZUozfVMNH0),https://www.langchain.com/careers,,"Engineering,Product,Design",United States,California,San Francisco,On-Site,checked,Active
Meta,facebook_logo.jpeg (https://v5.airtableusercontent.com/v3/u/47/47/1763193600000/74_U-HXeCBBSOw9Fb0Sycw/dYvRdxBVmln9BmyGBrm_L57cCjFiVSxeRFO_yr2sPBYOvJT5BYRPTVPOEXwzcWtaV501-xgYE81rF6-QMf0_M8JcPk6b9t2GZk18Wt4NlxKFw1O6ZSOvGHlyarAWX8uRzzl1Nn_y16GhHjDdVrMCPA/-VYmla-wEkShH5WJBjRIRCjfZh5Pyc1FZbJq3yFHHgo),https://www.metacareers.com/jobs/,https://www.glassdoor.com/metacareers,"Finance,Marketing,Engineering,Product,Support,HR,Design,Internship,Data",United States,California,Menlo Park,"On-Site,Remote,Hybrid",checked,Active
Microsoft,microsoft.png (https://v5.airtableusercontent.com/v3/u/47/47/1763193600000/iC9WD7kVMwWHmNsLKf0GOA/bEVrmdFHNDFBZKQK-dg_El9vCYq0_ApFINTvg0B6Ao8Hd0bAyygOQk5B3WiWwlQ2IfDsyL-JHUX5Aj_LZc0l3z6HcGolAESdCR6hS2gIYEeNVXO3e_mq0ngueDu3KoJb3hcP-a-xLKA5E2-my4IZSw/T_vhdAkhPqpUSPoymuwup6gmeVpiYU88skDhwDm0pz8),https://careers.microsoft.com/v2/global/en/home.html,"https://www.glassdoor.com/Overview/Working-at-Microsoft-EI_IE1651.11,20.htm","Finance,Sales,Marketing,Engineering,Product,Customer Success,Support,HR,Design,Internship,Data",United States,Washington,Redmont,"On-Site,Remote,Hybrid",checked,Active
MongoDB,mongodbinc_logo.jpeg (https://v5.airtableusercontent.com/v3/u/47/47/1763193600000/9IW-gLPt5UVx4C2x-hZfdQ/WzGjpIXn8iDab7Ya-84Rb5-sGltuYSJIYEjC-yvbVywT115p9L6tvZBS_6aJaxhwJ532E2eZ7v9NsFuiVZdlfzEIehBkeIFRz2361FFUKw9rBSab71mEKOeWz8puBVkNAn4OlQC_W-ud03mT0q7TLg/5X__nSk9E8Jb490WqLmh8LmfLeMc5UnzrqzKTqfkY1Y),https://www.mongodb.com/company/careers/teams,"https://www.glassdoor.com/Overview/Working-at-MongoDB-EI_IE433703.11,18.htm","Engineering,Marketing,Design,Sales,HR",United States,New York,New York City,"On-Site,Remote",checked,Active
Monograph,monograph_logo.jpeg (https://v5.airtableusercontent.com/v3/u/47/47/1763193600000/0lGbSh9eo4Ganwx04Yk-SQ/3daQh0jGYmRthm1TQfn7cE6GcU1_KddQ1ZohRYFtD_SzmpG79jBshqhNGg1By7vA-vI42QrxEps3A8X9D5Ri6n4hFTebpPRLxeao8cthD4TNlBQeEP0Zx4IlzfCx0QAmLeuw6r9s_ble9wBZvPitZagngyojqz5e0cEjstmUpHs/SNd1mmTFJwauzfLslyRNPqw0Spoq1Xvkyd6MQ-ESi7Y),monograph.com/careers,"https://www.glassdoor.com/Overview/Working-at-Monograph-EI_IE5844012.11,20.htm","Sales,Engineering",United States,California,San Francisco,"Remote,Hybrid",checked,Active
MyShell,myshell.jpeg (https://v5.airtableusercontent.com/v3/u/47/47/1763193600000/3SJyGDJ2t6dGEeD-gVaVjA/ZClJhrZUJNZgNnbJmtEl5NlwLafA3oUmcMRX4IExlnd_WLfTQc0qyflXLM5bZHZgqRL3i55ItKIFDP_QGgL611rWRwhIr-Op9fXSKhXl3TQoZs4AWjW9m5arsbJNS-C7yo_j2RMEfCprDkA_L0lZIQ/7qSSI_gpFheovjq_9kgDk7dmUezyad_g5ZW7URwPSeA),https://www.linkedin.com/company/ai-myshell/jobs/,"https://www.glassdoor.com/Overview/Working-at-Myshell-EI_IE9350721.11,18.htm","HR,Engineering",Hong Kong,,Hong Kong,Remote,checked,Active
Netapp,netapp_logo.jpeg (https://v5.airtableusercontent.com/v3/u/47/47/1763193600000/olipBYSfBlJHfxfYIfMPIw/Vc_bQLHZJD6mOHU0um1j_X4L6Rnpqh3TUri5OApbIMtBMKXLuhcKgVaSvsFEAFVq5P4cU1q5lrUHD8qYo7KQTUqDE4aaeTg37fIF_oECeks97Hw6aGMgaFwGa01Gj-2VnvKfuAY8xHlbd8x1Z5E13w/oXUYu2V0tS2tBowBZRqPcwwLZ5D61lp1e1_whf06xVg),https://careers.netapp.com/search-jobs,"https://www.glassdoor.com/Overview/Working-at-NetApp-EI_IE5406.11,17.htm","Sales,Engineering,Support",United States,California,San Jose,"On-Site,Remote,Hybrid",checked,Active
Netskope,netskope_logo.jpeg (https://v5.airtableusercontent.com/v3/u/47/47/1763193600000/uWqiQAouRXsHXqkgwvdyLQ/tCKJVYe0h58vKIr5RDhl1UWEUlBPqJSqyOiAV_B_WDDqG3b7i9O45PR9hkLjODBYuUHc4CSjIbcIq3j6Iae-VxGp27Wz68lxVp3KleFCjD3UbQrjA9j57kjKNKJ2r0RJM0bPo0XYRIOUM4fQzGxtqQ/ya8ttXPau_rGO9tXOhaGFV0fWNcITfEs4ffH6_X9eM8),https://www.netskope.com/company/careers/open-positions,"https://www.glassdoor.com/Overview/Working-at-Netskope-EI_IE717917.11,19.htm","Engineering,Customer Success,Support,Data,Finance,Marketing,HR,Product,Sales",United States,California,Santa Clara,"On-Site,Remote,Hybrid",checked,Active
NinjaOne,ninjaone_logo.jpeg (https://v5.airtableusercontent.com/v3/u/47/47/1763193600000/n-us63CLdwKgI47dXmnZBw/PkyygpHrPpP7MF0AyBNX1v98lybCF0FOwQ1eCuF5d7l4oNN6lEqtpsuxjF1zn5iDmCRYSTiTLZoYAM3xhbpoZ5rUf_8Fe9sKtyrsYxi--Aa9rB6f9UeIckDC4jAc-oOaytgF8pQwSmERi0XHa9W6Jg/4RLUXJnNzfUn316vkqNhLN4ZDx8kaoCMMEJbyJg7xAQ),https://www.ninjaone.com/careers/,"https://www.glassdoor.com/Overview/Working-at-NinjaOne-EI_IE1595050.11,19.htm","Finance,Engineering,Marketing,Sales,Support,Internship",United States,Texas,Austin,"Remote,On-Site,Hybrid",checked,Active
Nintendo,nintendo.jpeg (https://v5.airtableusercontent.com/v3/u/47/47/1763193600000/ZdmPLm6gMebs5LBDsSMDlw/m99aab4bKWHOaaJhq1-q-gjUiyXRJAp4eSq5XlU56_iYqLfq9tcxaYxFkw6sbPm00ur0KXUsFgGki-ihMWONeHGpAI72noDBTUCPTYqI1OGxpWd3-y8_b6ZDSBv8BdFeeSjXapNlvLNlhidBfeNeYYO6PxNsMs6Dce1Z9bBlrEs/KNKeoEJ4o58HbY_7BTzyit9lVWMSJ6K8xfaVMMvDeQU),https://careers.nintendo.com/job-openings/?loc=all?cat=all,https://www.glassdoor.com/Reviews/Nintendo-of-America-Reviews-E4173.htm,"Engineering,Marketing,Design,Data",United States,Washington,Redmont,"Hybrid,Remote,On-Site",checked,Active
Notion Labs,notion.png (https://v5.airtableusercontent.com/v3/u/47/47/1763193600000/Q6W7ANB_XfVh9W1Hvq4Bew/mDnCvMWMMNM_VvZMCexcIAWtdQHspGtyravynBysV_bY4VAG017DKTiZCxPnUwddCbzUxbismIpzWmuHvBsRQjIOSs7lpl8srxRBGx7OeDppqzS0zFXL0cweGd-LWx2AB1bPuFihrI4BayN-rYpVmg/gj6vMnG9vtI93aZdGFv8clYBKsej480RL7U4Z6BsayE),https://www.notion.so/careers,"https://www.glassdoor.com/Overview/Working-at-Notion-Labs-EI_IE3304926.11,22.htm","Customer Success,Engineering,Support,Data,Marketing,Product,Design,Sales,Internship",United States,California,San Francisco,"On-Site,Remote,Hybrid",checked,Active
NVIDIA,nvidia_logo.jpeg (https://v5.airtableusercontent.com/v3/u/47/47/1763193600000/STa81GhAsybaqwDXVl-a_w/b-1e7Yy6PdCN92r5T-2pWa3SoaFxwYgN6-n1x-lCRIaxxMsJXVWnIF8oer4nV5QxsYsXc4w0liCxkJLMi03KiWbL232yqtq8pmcX1zRhTOih38N9OCoyF-jpTbwXKwSsFVXMxxn2G66E0v5V0pEwXQ/gfieXP1YyIOMBBzgGZP3zbI7EjdPIlipr9hqqvzbJ7g),https://www.nvidia.com/en-us/about-nvidia/careers/,"https://www.glassdoor.com/Overview/Working-at-NVIDIA-EI_IE7633.11,17.htm","Engineering,Sales,Marketing,Finance,HR,Internship",United States,California,Santa Clara,"On-Site,Remote",checked,Active
Optiver,optiver_logo.jpeg (https://v5.airtableusercontent.com/v3/u/47/47/1763193600000/Qr0m1kWKvztfs4s3tagRbg/cAe9f0PWtViyaW1VKRdhVVchsoOFjk2fM7s-d7Hh6mnFEnzKLTklS9rgsKjQ999N7FydZnDdt16YSj86uFZ_T3pBEI4NsX_8ty7qNfhRXMaXLZnrbVOZOmS6WyEOFIOrUH5DeQhabA6coNy37sDLWQ/h0E0agg_vm378SxjntSQ349ey3oqeLKSXS1INhkIy4A),https://optiver.com/working-at-optiver/career-opportunities/,"https://www.glassdoor.com/Overview/Working-at-Optiver-EI_IE243355.11,18.htm","Sales,Data,Engineering,HR",Netherlands,,Amsterdam,On-Site,checked,Active
PandaDoc,pandadoc_logo.jpeg (https://v5.airtableusercontent.com/v3/u/47/47/1763193600000/rP1dkY50JFYfhrPJnUWtlA/Lkn7Oi1r0uomN-vVi-iQ1T-DQL-p6lKepUTxvYt5RwzsJaTpc944YHCaFX1KajfPucPB5sRF1N6lPCCFrTuPbMRe4t6vcIbuDUSFUTjfRKGMe0Wu2wRDAEyxJC0_W36htFdsk5IBcj6JcMzRg4lHXA/kRr-DvM0EWWRwaxNRVV0I3bdJG0nMZwkVDN_w-ZPjJE),https://www.pandadoc.com/careers/,"https://www.glassdoor.com/Overview/Working-at-PandaDoc-EI_IE776070.11,19.htm","Engineering,Finance,Marketing,Product,Sales",United States,California,San Francisco,Remote,checked,Active
Paypal,paypal_logo.jpeg (https://v5.airtableusercontent.com/v3/u/47/47/1763193600000/ybeoMXWv7xLfo3N5ciP6vg/zxGMsYckulNx5veF4PNM2EDoMWD8S_HpdFKDAumkEhw4XwH-f8hZjcvicouSuZ4uUY64iPxgluQSLuKNlvQ1WKS_BqHqlLtkiVYV3M82sxim_gY8ajyJeb3pu6QHiyZHMRjp-4hPXmZWktmXrHvzTg/Grg5z9zvnJQNBU0Z4TWOsT3T7HV9LmcWiUEPp9YgiKs),https://careers.pypl.com/home/,"https://www.glassdoor.com/Overview/Working-at-PayPal-EI_IE9848.11,17.htm","Finance,Customer Success,Support,Product,Engineering,Marketing,Data,Sales,Design",United States,California,San Jose,"On-Site,Remote",checked,Active
Phantom,phantomwallet_logo.jpeg (https://v5.airtableusercontent.com/v3/u/47/47/1763193600000/Cvk7EoxBFWqCfbf3MkSFng/FYrOWyneWMNUFD0cIkWWhGzaDL6D9NAMJrILJlK-1QhFdcCTAUj4GfbWS5AynkHL_9nwzZ-sb4PlUFoy4LOLBrEZZUdcTLYilR4Pl49PUOimlPnFK00T6FP5F7xb6qmtumMBlKK77ceOnP3phN5u0ALRXhnTOAQgu6Em1DYf6wc/IPLFRtMfM3cG5J-eqzJ0aYdBe5r-Osac5K86qWvGyhw),https://phantom.app/jobs,"https://www.glassdoor.com/Overview/Working-at-Phantom-CA-EI_IE8950007.11,21.htm","Engineering,Product,Design",United States,California,San Francisco,Remote,checked,Active
Pinterest,pinterest_logo.jpeg (https://v5.airtableusercontent.com/v3/u/47/47/1763193600000/u3mB6S2azcpQo-6K3JTs1A/rj7M-44kfvb8bOqTFhH-uUMOiOXGhZIAITcI9xvSUQF0l2jo00nZFQiFKljRF_ESM5La3RuRiZnLoL9OKPY5sAg2MuCy-S36HYHJlOyQUjf_IdX4NO79u9XDW8OX246A5Z6jnFHAEnAfG4BegayOP8iHD_wckcstzDLj3hAWtws/MwOuzaX6y7esl3cds1GvrXjCkyNyF68IW8L22lA1OLY),https://www.pinterestcareers.com/jobs/,https://www.glassdoor.com/Reviews/Pinterest-Reviews-E503467.htm,"Finance,Marketing,Sales,Engineering,Product,Customer Success,Support,HR,Design,Data",United States,California,San Francisco,"Remote,Hybrid,On-Site",checked,Active
Pluralsight,pluralsight.webp (https://v5.airtableusercontent.com/v3/u/47/47/1763193600000/YMkCWotbCHhKMuSN_Pueog/S8NBrijCt_ptA8mkfrCxmMVggtOUe-D0RwKtAVDhGQA-6S7KGP2tcQJzPzOOmPu_N0W6X5F4u6a6cYaoGNL3QEbf-0p9D2Oj12G5JUAeGRDWt5Kcp3nwA5RNjv2dpAVQvG86WqA0o01bgYUW7n7nvg/0vgHhqEF6J5ja0MLZV6n_a28rv4pK6KgjBze2XcyS8Y),https://www.pluralsight.com/careers,"https://www.glassdoor.com/Overview/Working-at-Pluralsight-EI_IE672636.11,22.htm","Sales,Engineering,Customer Success,Data,Product",United States,Utah,Drapper,"On-Site,Hybrid,Remote",checked,Active
Prophecy,prophecy.png (https://v5.airtableusercontent.com/v3/u/47/47/1763193600000/8rM8LsNCDj0OpMY9Kn5t2Q/MPEgFkuQgb21MxW-dvuygnfJpENOTpeDPOX47x-0Wr_HYiRVpsJWh7Zrt26dSktscNE6PjtXjTscUXKJHjOxiS7BI9BlhR3XtXh4dvKbnxLXGaGrX95Rvrk04kYqE9u5VZsUxqKjlcPh-ddOQgsMsA/6l2ATgYyNmGaW8mKE2EarYuZdA9FNwLnxp6lC5ekiAE),https://www.prophecy.io/careers,"https://www.glassdoor.com/Overview/Working-at-Prophecy-EI_IE6243414.11,19.htm","Engineering,Customer Success,Finance,Product,Sales",United States,California,Palo Alto,"On-Site,Remote,Hybrid",checked,Active
Remitly,remitly_logo.jpeg (https://v5.airtableusercontent.com/v3/u/47/47/1763193600000/gPEyOCd2GCVMAq8Rastgpw/DjBuwcRyViwYqI0pVQWmzjEJ44dlUj11EwivrgZg1QKs0orDAWQPyNeXJxsildKP1lcInScdjV3-nLmGOGcrRxjo5U1CLwCTubh4mDTOqImfzi26xn0lNq52Gxz4oJQbSYi9H_Jgn5qxVA_3wR21Dg/cNllJwCI8vWXQEjuItxTuRwup8cDmpmXeIIgUuLbOa0),https://careers.remitly.com/all-open-jobs/,"https://www.glassdoor.com/Overview/Working-at-Remitly-EI_IE1044836.11,18.htm","Finance,Engineering,Product,Customer Success,Sales,Design,HR,Marketing,Data",United States,Washington,Seattle,"On-Site,Hybrid",checked,Active
Rimini Street,rimini_street_logo.jpeg (https://v5.airtableusercontent.com/v3/u/47/47/1763193600000/_OKAzWNqwaL3uPVVXhQ4PA/HGDekAAZ3vDpv6Lgxqwf9rKJ7c82vOshxICxN3XYEL73gV7xRZsrZXZH_FTr5W4ncxF2u8U5M_NCrQbomA9Q2vYSlTb5YxdfYZC1ykFpqKluIvF86Aj6MF7HsYWS2uIpqSHgXgdFS_UYzGZ8yYLK4t0oY9946EHK9GHHKSRmBjY/CvOi-qa0rKvOGrRo7saxnQxJGyErBr32CwD5JN24SCQ),https://riministreet.wd1.myworkdayjobs.com/RiminiStreet,"https://www.glassdoor.com/Overview/Working-at-Rimini-Street-EI_IE314503.11,24.htm","Engineering,Finance,HR,Sales,Marketing",United States,Nevada,Las Vegas,"Remote,Hybrid",checked,Active
Salesforce,salesforce_logo.jpeg (https://v5.airtableusercontent.com/v3/u/47/47/1763193600000/EsHSykax8n4HykvijnzT4A/AaO1PT9t_CItfKUJwd75lsh2kSNFLk3Hgp73LPhrSiczV0BhYaRoEByrS4UtjiZZUqa97ukzAHVOVBXK0-FchEle_BTrWlX-MnmpcW3YaV1xYQX_enqpHKwCiRFJ6pydZeeiSBLg01ktQJo-djN-Lg/nNV_hvsYOSNd826qi8fNI57Gc9gdHHn-NH8j_wA-LQ0),https://careers.salesforce.com/en/jobs/?search=&country=United+States+of+America&pagesize=20#results,"https://www.glassdoor.com/Overview/Working-at-Salesforce-EI_IE11159.11,21.htm","Sales,Engineering,Product,Marketing,Customer Success",United States,California,San Francisco,"On-Site,Hybrid,Remote",checked,Active
Samsara,samsara_logo.jpeg (https://v5.airtableusercontent.com/v3/u/47/47/1763193600000/MIYz9yAQhtl_hbgbJaN2Jg/o6RuBLy39BzVqGzBqyN0ROKASD4MN61YIMFnVRL66i0vK-hae_EbSriKZOVXVyRVmZ7CjOVFN73Mq8OUfa8CBHL3FXpMK46snaX89RPUxS_Pl4kbVJSApntZl41u2wvG8S4PZQfiCrHk6f6ntIg5uovOxRw6MwQZdqVn8bfuHGc/bUcexkaRbqkyetm6xqNi-dEU4Rm88VuPugb_NVtwIa0),https://www.samsara.com/company/careers/roles,https://www.glassdoor.com/Reviews/Samsara-Reviews-E1169265.htm,"Finance,Sales,Marketing,Engineering,Product,Customer Success,Support,HR,Design,Internship",United States,California,San Francisco,"Remote,Hybrid,On-Site",checked,Active
SAP,sap_logo.jpeg (https://v5.airtableusercontent.com/v3/u/47/47/1763193600000/MH216ddsSaUnxcD_fh-G4Q/8ldjs5FZVt-6V1d-SPZk9yYpW62toyfdzPFV2wNMt1IyfCZZImPbC2lZRPwOyuRUm0GBxhzlnB6hqYSsYsZFDU51Mf5klpcYmr9Yk1jPovsRsVQVms2vX7cVLLL5yjn0Ixtf6DmV7R9AqXAv488uEA/gGvd_NaLhw0HhKfwdhRAINJC5UGKJ6DsJG53etGJlTE),https://jobs.sap.com/job,https://www.glassdoor.com/sap,"Finance,Sales,Marketing,Engineering,Product,Customer Success,Support,HR,Design,Internship,Data",Germany,Baden-Württemberg,Walldorf,"Hybrid,On-Site",checked,Active
ScaleAI,scaleai_logo.jpeg (https://v5.airtableusercontent.com/v3/u/47/47/1763193600000/MLILuQqM1SLrY_m6RPnSzA/_t5cY5aP3m6qichOEfFtquwBgDbGxk8SaLo_N2rktCqOzP4x2IGDJmI8Az9CNqmefI8zdsz0jm-wTaQ0fcJWMRIcPUvM_FSEOB2CaVLU4RjVPAPVOZUACmJRhPf6RJvVxNJ8rmADgJForqvzMZbH9Q/fjitktV2NTSiKaxHI6-Uu1rdu6bXxeiP0qzNvZVjBSs),https://scale.com/careers#open-roles,"https://www.glassdoor.com/Overview/Working-at-Scale-EI_IE1656849.11,16.htm","Product,Engineering,Finance,Marketing,HR,Sales",United States,California,San Francisco,"Hybrid,On-Site",checked,Active
SeatGeek,seatgeek_logo.jpeg (https://v5.airtableusercontent.com/v3/u/47/47/1763193600000/nnPYjMdrLZ_QbmQEricdpw/ykttIj5ucaLNPMFf-QehKdsa4fhihU50uxQ5BqohqmC-eA_5oaG9Awu8uzHdVW4h_R7dkCee-AqjaRmsSi4QVoGpCDC_iMlep-Wg_K-chvRuFG9r1IYopwbf_fGmpTQ5VCtY1ejV2PlZzEL-ZMM_0w/HuJ-MVWIc9ZPY8ijVkyY2LyvLMliME6LJIzjAz1eMx4),https://seatgeek.com/jobs,"https://www.glassdoor.com/Overview/Working-at-SeatGeek-EI_IE478188.11,19.htm","Finance,Customer Success,Engineering,Product,HR",United States,New York,New York City,"On-Site,Hybrid,Remote",checked,Active
Semgrep,semgrep_logo.jpeg (https://v5.airtableusercontent.com/v3/u/47/47/1763193600000/hjRm7Wt8TbsQlyQ-zbFB9w/3hQr0xdHfZ7_9yTMa_m-F9O3eK223vd2sV27N0oWRt8Gf4qEbJJJYfWYo8AVmklpkb7i0owngjGaogq78puz2omXLProtZZuAosb6CNDOMwTVvxv7g0WUKm2-Y1sKFyDI_-DDGsCqulH38OMzQ4jdcf7P6uJMytaZECKi4nahAo/VL_HtR0kB7WEpX1zr3PQs5HIGfXjzXuQbx6rfgTpu2I),https://semgrep.dev/about/careers/#job-board,"https://www.glassdoor.com/Overview/Working-at-Semgrep-EI_IE2853202.11,18.htm","Engineering,Marketing,HR,Sales",United States,California,San Francisco,"Remote,On-Site,Hybrid",checked,Active
SentinelOne,sentinelone_logo.jpeg (https://v5.airtableusercontent.com/v3/u/47/47/1763193600000/moL_8dl8Rmb-dzgZm42XbQ/ijmLd6C67rQRHDUDbB_JufOcaa0JG56eo8FgETrU8_alNdLBwC3Z_0oTtuLQXCE2Cgh5eCJ9pgPriiTELR9vfOo9bsEuZmY-C08PiDSaCtySCuGcDAsk1FvYE8hBsJSuw1gyW7kIwGqXwqW3XUnuHGfGyrjn7Y0EHvXCN920V58/0IV6G1caOO3QfTjW7-byN8lH8t33ahRPSD6p77uhL0A),https://www.sentinelone.com/careers/,https://www.glassdoor.com/Reviews/SentinelOne-Reviews-E1361978.htm,"Marketing,Engineering,Finance,Support,HR,Product",United States,California,Mountain View,"Remote,Hybrid,On-Site",checked,Active
ServiceNow,servicenow_logo.jpeg (https://v5.airtableusercontent.com/v3/u/47/47/1763193600000/Re2fX1t-oO-D1op5IHtd8w/YHqDgi06W_Bd7a1qvzzGPBXebX-41TbZXwDOC1xs30nqxPdZmCmF-Z2MwEPEqa6JDncs-FI1MVZNS96_AbIG8sX091AipWnWZTY9oOb830dWhCuMX-lgQvZsEKOqLCxio0bZ-PHwxw_sRX2Yy_GSXw/KiqKHw2oHxmY0WJP_PIV58iMza7586t5FFMYSuWQnDU),https://careers.servicenow.com/careers,"https://www.glassdoor.com/Overview/Working-at-ServiceNow-EI_IE403326.11,21.htm","Customer Success,Engineering,Finance,Marketing,Product,Design,HR,Sales,Internship,Data,Support",United States,California,Santa Clara,"On-Site,Hybrid,Remote",checked,Active
Siemens Digital Industries Software,siemenssoftware_logo.jpeg (https://v5.airtableusercontent.com/v3/u/47/47/1763193600000/X7rMO9K6Gk5C5lmN5Y6-oA/bHLHl4Y9XbxrMBhgkw_FybgskVItInJ-ca4zmozo5SE3y3SQbDsyQES-qMLU6zn8SD1fK_1wMJocwDy9xtSCdFSqMsIUW3aPhMfIRaRcL5jhroWHNXPah1kMF-kF0fHMmZJq8i9gaFpRSleUlxmSiLEi5q2SQwGvDABSwFTCwkc/hbUEjr5fs9Z22efrrid5r55kqvKWl-gakwiOSIKqfPw),https://www.sw.siemens.com/en-US/careers/,https://www.glassdoor.com/Reviews/Siemens-Digital-Industries-Software-Reviews-E34397.htm,"Finance,Marketing,Engineering,Sales,Product,Customer Success,Design",United States,Texas,Plano,"Remote,Hybrid,On-Site",checked,Active
SmartBear,smartbear_logo.jpeg (https://v5.airtableusercontent.com/v3/u/47/47/1763193600000/mVwEkR1VNDoCjxKWtJmV5g/XGuUARbXy45tz34dM8E01yARudSJI-2lfdHJuh_RdHjtCDNtqk6sHLBFszZqeAOlipDIanzcFNCHFx0afWz08lT7XHKKwCtSEMG-W3nAAknkMmkFveamte0Jh5qiPuq5tpUrLqUPOn3U2se2UvT7jw/gWoh5lp60qlRezyMR7qKIUa3dlTg2dQBs9vi218xCxs),https://smartbear.com/company/careers/,"https://www.glassdoor.com/Overview/Working-at-SmartBear-EI_IE410916.11,20.htm","Sales,Marketing,Engineering,Support,HR,Finance",United States,Massachusetts,Somerville,"On-Site,Hybrid,Remote",checked,Active
Smartsheet,smartsheet_com_logo.jpeg (https://v5.airtableusercontent.com/v3/u/47/47/1763193600000/AyVz8fjkF_apTijIOioeGA/VyyX66rhIDY_eCU5JTU-jlRQu-sVKbPvRxIVdNeO12rvUgD0EnWqK3SGGNXDlmznNN8vXCbkEkU9TdFT5D4LKALDTwxsjZ9_yfkHKR46RV9POJAUnZXBBlX8c6dElXxE1KnF9mMZ7RQJ8BfsN2X97x0rHTnqK74l_QgrKGxZMNA/DTNLgPIlPAmQiDLfRaKR7Uahhugnmu0InI0x5oSADyI),https://www.smartsheet.com/careers,"https://www.glassdoor.com/Overview/Working-at-Smartsheet-EI_IE438753.11,21.htm","Finance,Sales,Engineering,Product,Customer Success,Internship",United States,Washington,Bellevue,Remote,checked,Active
Strategic Mission Elements,strategic_mission_elements.jpeg (https://v5.airtableusercontent.com/v3/u/47/47/1763193600000/mfetki78tl6IrUV9j2h09w/TO7MWnx82vSNvmAdBEivBn_xsMwxT7yH2cvseuwuI2kzblHtuh-rs2FDchNyG_GchkNqei-ARfM2jzmkEzeYsRLAvb4mILv59sKAFkwUvrNz2rlkxqRQI2q7ofxEEJvYVfKTtPWJN8Lrdh8bO0mMlQbfRMCub6E-lfCOEY_BCm8/e-8ZLkkz8kilAxVJBAu5XBPGzvfYSDghSOVlAqUY73s),http://strategicmissionelements.com/careers.html,"https://www.glassdoor.com/Overview/Working-at-Strategic-Mission-Elements-EI_IE4414298.11,37.htm","Engineering,Data,Product",United States,Virginia,Chantilly,On-Site,checked,Active
TekSynap,synaptek_corporation_logo.jpeg (https://v5.airtableusercontent.com/v3/u/47/47/1763193600000/PBoO0Lunt_fXgElDNtPkpg/sAvtCXL4jTJ8yQjSC1Be70rSKzb4C4_BjC2SQRoNy69OW39KcM066AisHzfstraOy9qwMXgmKnIX0elR8lWzSrVHKFWZ2cYxZtVXha8UUGH7SGrMvA5lw1xOEkZrFR7TiB-iGfD3AJFYTxdXMgjPEAq52QvN-cwWLjptW1FzEzM/Eq0guBbKgdTLxQ4zoDYS8EfHv6QCh9cqDMRyeK_-Y5g),https://www.teksynap.com/careers/,"https://www.glassdoor.com/Overview/Working-at-TekSynap-EI_IE361223.11,19.htm","Engineering,Support,HR,Internship,Data,Finance,Design",United States ,Virginia,Reston,"On-Site,Remote,Hybrid",checked,Active
thatgamecompany,thatgamecompany_logo.jpeg (https://v5.airtableusercontent.com/v3/u/47/47/1763193600000/BuRuf-QAWyhC9PYDCJbgQg/8uTD8O7mdQN6ltj0i9Zd3VF2CTnSjJDbpZkyUaNM088ANOU0RPVll6hheaFdLvRMuYmotYE58JBWwLAiJiJgzr7vbPLJBOkENNVZ-y8tWKe554HF7soFGrFOOhvBKBHYXrgw8v_4-RuFkezrK2QG7y6bv01gvUoI0G2BnV0AwWc/kkuZIlvJ5UsJITiMt2R52PbnmqyEKgONhRxqig0gm3M),https://thatgamecompany.com/careers/,"https://www.glassdoor.com/Overview/Working-at-thatgame-EI_IE2130792.11,19.htm","Design,HR,Customer Success,Engineering",United States,California,Santa Monica,"Remote,On-Site,Hybrid",checked,Active
Tiptop,tiptop.jpeg (https://v5.airtableusercontent.com/v3/u/47/47/1763193600000/PKzxh69dS92bMTo9aj8IBg/P13iw-PeNaBxQ5aeLHkBL9gYedC6y8pIvZtZTw1VJrbXMozNmkb5G9NIOeZiUZxPEipqFkbOdN0ZhzKUrgv8v5qBU_e1HxZGg2Q9wcsG33FOvww7hO_wJr1OHAbUWRkv0EArdBwKByvd0nI8obTkoQ/D8XKiUJ1ja_aA6yviD3nU28h5wRslIZiXIe2RsvSOKI),https://wellfound.com/company/tiptopcash,,"Engineering,Product",United States,California,Anaheim,"On-Site,Remote",checked,Active
Trustwave,trustwave_logo.jpeg (https://v5.airtableusercontent.com/v3/u/47/47/1763193600000/u9IcfQKs5YpR-dlF_O1lZg/PKG4wBLiI45smAFpkO7_XQ-akUwXWr_zlbprsaMwaz1g1PkeEEp6-ZHXdPU3HDDaMljAOt-RtVWIVKdbejA8tksOClF3XiB-OfrfBUNclSVUXGRBS5vNlJzUvU8p8gRSW5HT948SvJBlYE3kyCmO0FXSv_ooC5YyhdyEuUsuDe8/zDahZxXYkwsiPjHPPwNFuRR6bO7k2N2Ed_zYM57fL8w),https://jobs.dayforcehcm.com/en-US/twh/CANDIDATEPORTAL,https://www.glassdoor.com/Reviews/Trustwave-Reviews-E110410.htm,"Finance,Engineering,Sales",United States,Illinois,Chicago,"On-Site,Remote",checked,Active
U.S. Navy ,us_navy_logo.jpeg (https://v5.airtableusercontent.com/v3/u/47/47/1763193600000/GbOXBc-arhkCr5qplOBsWw/MUqBo--w6APMX0oLzo4KPLk6DjOXrWCYU9AzgxI9lLWatSxx9pOjogMxF8HODoEUt_7zaQT7ntgxiSyVmSw4S7MjRu_E7OOGS5eFfNTAKg438qvE3gkQCIpeIhR9DFCaY2yDO6r3AV4efMBW-aD0zg/NrhrYMIZRQ_kSiU5z0fWhAf7uQuouyBMpX82U2z1KS4),https://navy.com/start?activity=1273124,"https://www.glassdoor.com/Overview/Working-at-US-Navy-EI_IE41451.11,18.htm","Engineering,Data,Support",United States,All,All,On-Site,checked,Active
Udemy,udemy_logo.jpeg (https://v5.airtableusercontent.com/v3/u/47/47/1763193600000/gEEmSyKCWuF3hqrfOhoWxA/3LshOaCdteaQv3tMr1TqTngJQ8FuUvrejrd4rSZ-FYmJ139-F9SHifDmGRg5JfvE8oJtKNLM68dK140iKgkAhVpKOQtks-QUFNyq4FEi5hx55A8XTltXGW_z09Xm7x_AnU39U3ISBSDK98NZrMQGFA/-QGLFLThnizeEaergfJdVc2SrxxD3jgeJOthWc1jcIA),https://about.udemy.com/careers/,"https://www.glassdoor.com/Overview/Working-at-Udemy-EI_IE434871.11,16.htm","Customer Success,Data,Engineering,Marketing,HR,Product,Design,Sales",United States,California,San Francisco,"On-Site,Remote,Hybrid",checked,Active
University of Texas (organization = ARL),university-of-texas-at-austin-squarelogo-1463752679449.webp (https://v5.airtableusercontent.com/v3/u/47/47/1763193600000/V1UT6QTSOAS_4mmoCRM4Aw/I6hHlnhAefcO8M3N82K7c-WxuIh419WCFr2qKVnb9UK4XnaR84LsxhM0_TNbsyNI5iOchBzj1GWFCZvRXsJF_z9COau_VPULVGh_BorTVJAabOMbk2lb62as7tIm_YrKAhx0pHjGzu8opFBZg7e9FFcciyBv2PaUYWSTb9LwGv8MceU-Od_7v0rHE1ZGzSvNrC6Z2o55Rfu-j4FPYBiMNw/sQxE4ATAtPv5Xh4xtS6vjXS58qPYyGeKghSrSPfkUBw),https://utaustin.wd1.myworkdayjobs.com/en-US/UTstaff?redirect=/en-US/UTstaff/userHome&company=a625047661120172b59fe0cc8f0ab342,"https://www.glassdoor.com/Overview/Working-at-University-of-Texas-at-Austin-EI_IE133952.11,40.htm",Engineering,United States,Texas,Austin,Undefined,checked,Active
Varian,varian_medical_systems_logo.jpeg (https://v5.airtableusercontent.com/v3/u/47/47/1763193600000/t0Khnud1XuYDh5qydZK-fA/2aHF4PqVjEI-rG7jVifvdIE5PfM1r2XMvqMPmGAwx_dyYq8iBaxdwYyhGpWhpR8yuhHsFbztsQjxCIQCc2K4ScT-6VjN0QilAZrvMEu4yQkDEbjsCMcLoij7NZVlU-GbcZqpGnCSI2va5g7pUopMOFvSuYZmxaV7gy8dKYX4YJA/ENeE9L_lTz1ve3btE7_WJdY1if-EFV7Jh1ZrIQCwZw0),https://www.varian.com/about-varian/careers,"https://www.glassdoor.com/Overview/Working-at-Varian-Medical-Systems-EI_IE9111.11,33.htm","Support,Customer Success,Engineering,Sales,Finance,Marketing,HR",United States,California,Palo Alto,"On-Site,Hybrid,Remote",checked,Active
Varonis,varonis_logo.jpeg (https://v5.airtableusercontent.com/v3/u/47/47/1763193600000/DhXgv0UmxR4bag7e3MGm5Q/1axeDOw9At2UJaPBu8juNk2mpJloIMiVNhwR3eJ9cAn1Uz5cbaqJ7PLNyJ6UdBbIiTuOQWDvJcXzLM1_wya0rVQCy3QPpQENEm7clVPMPoDnblh_rlY2cErunBFvesJAZ1Xijox26Qq8JAhdAB3JyA/5LKN6o-k-wSWpc3oNuZfcs0ZSswF16UPkU7_GcNkYmo),https://careers.varonis.com/,"https://www.glassdoor.com/Overview/Working-at-Varonis-Systems-EI_IE300225.11,26.htm","Finance,Customer Success,HR,Marketing,Engineering,Sales,Support",United States,New York,New York City,"On-Site,Remote,Hybrid",checked,Active
Viasat,viasat_logo.jpeg (https://v5.airtableusercontent.com/v3/u/47/47/1763193600000/ukHLcQNK-rY5Yv-Eea-3-A/Cam02TGKF5Lr-nD2_hSe295MNnbgdswQORQZel6bUn5Ed86uY4hMLheNC3QQ-0ticJKUrjpSa0oi0akVyicRh_Nu-ML3mySlgakx6sq6tsv2p27PDnnBw94vHh5jVwNNdnP3xbWqbk2_4ttxpx-d4w/cYenTIXHyoFraxQj3oaB1zKa2GPiYGAaUxDcwc2JFVM),https://careers.viasat.com/jobs,"https://www.glassdoor.com/Overview/Working-at-Viasat-EI_IE5500.11,17.htm","Engineering,Product,Customer Success,Marketing,HR",United States,California,Carlsbad,"On-Site,Remote,Hybrid",checked,Active
Vise,vise.png (https://v5.airtableusercontent.com/v3/u/47/47/1763193600000/sWBGVtyj-G7dAAG5-4b5JA/ZkOg5qmPBLcvoKCmkckO6AUoijYQK9JDlU_zhFljVq99xHqZABGPeqnfJN121pE_YH6alSd6jlNJsmcrAJmOeScpBMfULZDH6i1eIPvJ83p0NGr5KDKCC8gTbz7lv0Rv2AY95mrinEZmU6R_HSh2mg/cLHODXkxueMf-O5GkvoiLOI3Lgt5Y65V3ZujD5YqOwA),https://vise.com/careers,"https://www.glassdoor.com/Overview/Working-at-Vise-EI_IE2480614.11,15.htm",Marketing,United States,New York,New York City,"On-Site,Hybrid",,Active
Webflow,webflow.png (https://v5.airtableusercontent.com/v3/u/47/47/1763193600000/8yc1lj-FCf8cpkQDDzYgWg/LHmjKPhVTEOzut2dry1-fEKfiK1P4s6ZXbCDV8FBVUFSiEdtMlT3s1l82m8TQ2sZMNPae398Z0yk5G4I-iiJ3jiAHH1vsol86lKrSXYzVV5dIFgtpgpWKaKTeWI5iqneTtNZNmdxsI6mK7adoDw0NQ/oXQ1fA7Jdo5Cc_yNyNLRid3QWzXEnDiTFZkQJ7bksDM),https://webflow.com/careers/roles,"https://www.glassdoor.com/Overview/Working-at-Webflow-EI_IE890506.11,18.htm","Engineering,Customer Success,Finance,Marketing,Product,Sales",United States,California,San Francisco,"Remote,On-Site,Hybrid",checked,Active
Wisk,wisk_aero_logo.jpeg (https://v5.airtableusercontent.com/v3/u/47/47/1763193600000/53xb4e52r4pcvRl5Xo5n4g/3QJdTgUVSiGjRMwoyt_tZxjCmMk2Ypblmmod1YPfPrMNUO5GQn8n4Z0MCC2ADPxufFkUDGk3OQalIzLNQa_oW7w0GEd5lFqC1aBaLOfl5TWHUrGp0MKWMaehkton9d_xyDoANmuaHMeIDsIK5xHzPA/wIgfOFCoPtGOSc1V6zinGFy6g1kkoqGfb-tGFoaa9pM),https://wisk.aero/careers/,"https://www.glassdoor.com/Overview/Working-at-Wisk-EI_IE683369.11,15.htm","Finance,HR,Engineering,Internship",United States,California,Mountain View,"On-Site,Remote,Hybrid",checked,Active
WIZ,wizsecurity_logo.jpeg (https://v5.airtableusercontent.com/v3/u/47/47/1763193600000/-DA_MmOTSJZSLopR-EqmoQ/0ta2pcXlj3TuBgGWQp5B2DI1yVl4eiM7JaZ8YCvplGwo_U802CJgigz0-wrJIR6HTNTikU7VWa7oSdPFnwtPf-n4jkmyN37qXO8QdI93pVU4ZzhoFdrPioylK4MGylVEfXloiaD7IFdZrNDMqI4YCqaoP9qNhknR5QHNnzhUv7A/Xu0xtTMkbx5acMV_yf12DJNeocpvwN2RVMDXcnwKOzE),https://www.wiz.io/careers,"https://www.glassdoor.com/Overview/Working-at-Wiz-EI_IE5304442.11,14.htm","Finance,Sales,Engineering,Marketing,Product,Customer Success,Support,HR,Design,Data",United States,New York,New York City,"On-Site,Remote,Hybrid",checked,Active
Workday,workday_logo.jpeg (https://v5.airtableusercontent.com/v3/u/47/47/1763193600000/-xztPfm02-qLRhTEaKv_zg/mx72Y5rTxEvGpFEPKAqfUJgsvmM4Z5MS8PK-Xm7rBGIDCfcTjmp9M2MjkqpOM-LKlRWhfz9L3m8fbGZB-Mp5Xi72zipJNCPHWZemn-twAv8dYzdX-nEQLYCzU7QuHOD-1U1HX6of__xUUfHzhNS_Zg/3Pk8HGmZyD2gDDHhwPnsRu8wFzApOcUquot3HUnkqHA),https://workday.wd5.myworkdayjobs.com/Workday,"https://www.glassdoor.com/Overview/Working-at-Workday-EI_IE197851.11,18.htm","Engineering,Product,Finance,Sales,Support",United States,California,Pleasanton,"On-Site,Remote,Hybrid",checked,Active
WP Engine,wpengine_logo.jpeg (https://v5.airtableusercontent.com/v3/u/47/47/1763193600000/0JW4PHH_4t_3puI1QWLM1Q/1RPJ3kOEWXpNGtN0CRmHWC3qew3dWABC7LGjQA7WgNwoPBE8w6HMudQ3ieN0dwCqxJCb4ZLJz9SOLq20Fhel9uHL9k6J3D8uEdZvEQTJ9Hv7rcrjkcPoK2QsXocCU-JVjuTJ2dTZvHUmF5TmjSkaSw/yxeb1ead2b4jdKXjLR1pyFDobwwOCaWKxyLIjxDkJJg),https://wpengine.careers/,"https://www.glassdoor.com/Overview/Working-at-WP-Engine-EI_IE594498.11,20.htm","Product,Engineering,Sales,Marketing,Customer Success,Support",United States,Texas,Austin,"Remote,Hybrid,On-Site",checked,Active
Zillow,zillow.png (https://v5.airtableusercontent.com/v3/u/47/47/1763193600000/IkPts8l76x8CDR8Fd8Sm3Q/GGtot_mTHZsYvC6gCUUnAQ7Gw9Ea-r_sgEgfOMLp1xMP-uoYM2OsdwF1V8VtYYK8hwiutf8EmFnxw6iZGrRyX5VFpDd-mDm04h_ERxNpn2KgJ8Zl7K4brNY-WGNav4jzF7CgccfUNa4CWG0Wbs38vg/M36AqbiVndiprpcc2Oj9ZgRcVGm5brao34PoqgNJ-14),https://zillow.wd5.myworkdayjobs.com/Zillow_Group_External,"https://www.glassdoor.com/Overview/Working-at-Zillow-EI_IE40802.11,17.htm","Marketing,Engineering,Product,Data,Sales,Finance,HR",United States,Washington,Seattle,"On-Site,Remote,Hybrid",checked,Active
Zscaler,zscaler_logo.jpeg (https://v5.airtableusercontent.com/v3/u/47/47/1763193600000/r4opX_q5m9Qc5aroRd4yJA/XWKfDGSh90HUNK4tuKVnnmA0kYKmbGtbM7t8b1XIiwUsROdFpS3xMfhHLzpG4y4AXmEIXIN4qn1_mNSF7QlDWH_bLKCUdqisO4QUSQ9qDLPAKyKHgSn3QSPQLw8IeJujZ32lYWp-03qyn6fRXTrFBQ/iu5CBMso4S9fkxPBvVvxFwAmRhVmYs8DqmEv17jZYMg),https://www.zscaler.com/careers#positions,"https://www.glassdoor.com/Overview/Working-at-Zscaler-EI_IE359434.11,18.htm","Sales,Marketing,Engineering,Product,Customer Success,Support,Finance",United States,California,San Jose,"On-Site,Remote,Hybrid",checked,Active